Term;Stemmed;Variations;Chapter 1: The way of the program;Chapter 2: Variables, expressions and statements;Chapter 3: Functions;Chapter 4: Conditionals and recursion;Chapter 5: Fruitful functions;Chapter 6: Iteration;Chapter 7: Strings;Chapter 8: Lists;Chapter 9: Tuples;Chapter 10: Dictionaries;Chapter 11: Files and exceptions;Chapter 12: Classes and objects;Chapter 13: Classes and functions;Chapter 14: Classes and methods;Chapter 15: Sets of objects;Chapter 16: Inheritance;Chapter 17: Linked lists;Chapter 18: Stacks;Chapter 19: Queues;Chapter 20: Trees;Appendix A: Debugging;Appendix B: Creating a new data type
semantic error;semantic error;semantic error;6;1;0;0;1;0;0;0;1;0;0;0;0;0;0;0;0;0;0;0;3;0
first step;first step;first step;0;0;0;0;4;0;0;0;2;0;0;0;0;0;0;0;0;0;0;0;3;0
precondition;precondition;precondition;0;0;0;0;0;0;0;0;0;0;0;0;0;0;0;0;4;0;0;0;0;0
code;code;code;6;5;4;3;15;8;2;0;2;3;0;2;2;2;4;3;6;12;0;4;15;2
semantic;semantic;semantics, semantic;6;1;0;0;1;0;0;0;1;0;0;0;0;0;0;0;0;2;1;0;3;0
random number;random number;random number;0;0;0;0;0;0;0;0;8;0;0;0;0;0;0;0;0;0;0;0;0;0
web service;web service;web services, web service;0;0;0;0;0;0;0;0;0;0;0;0;0;0;0;0;0;0;0;0;0;0
address book;address book;address book;0;0;0;0;0;0;0;0;0;0;0;0;0;0;0;0;0;0;0;0;0;0
datum;datum;data, datum;0;0;0;0;0;0;0;0;0;0;0;0;0;0;0;0;0;0;0;0;0;0
original list;original list;original list;0;0;0;0;0;0;0;0;0;0;0;0;0;0;0;0;0;0;0;0;0;0
prefix;prefix;prefix;0;0;0;0;0;0;2;0;0;0;0;0;0;0;0;0;0;0;0;3;0;0
chained conditional;chained conditional;chained conditional;0;0;0;1;0;0;0;0;0;0;0;0;0;0;0;0;0;0;0;0;0;0
generalize;generalize;generalize;0;0;0;0;1;4;1;0;0;0;0;1;0;0;0;0;0;0;0;0;0;0
dot notation;dot notation;dot notation;0;0;2;0;0;0;2;0;0;1;0;3;0;2;0;0;0;0;0;0;0;0
hanging;hanging;hanging;0;0;0;0;0;0;0;0;0;0;0;0;0;0;0;0;0;0;0;0;1;0
client code;client code;client code;0;0;0;0;0;0;0;0;0;0;0;0;0;0;0;0;0;1;0;0;0;0
follow;follow;follows, follow;0;0;1;1;1;0;0;0;0;0;0;0;0;1;0;0;0;0;0;0;0;0
golfer;golfer;golfer;0;0;0;0;0;0;0;0;0;0;0;0;0;0;0;0;0;0;9;0;0;0
loop repeat;loop repeat;loop repeats, loop repeat;0;0;0;0;0;0;0;0;0;0;0;0;0;0;0;0;0;0;0;0;0;0
row;row;row;0;0;0;0;0;2;0;4;0;1;0;0;0;0;0;0;0;0;0;0;0;0
typeerror;typeerror;typeerror;0;0;0;0;0;0;1;1;1;0;3;0;0;0;0;0;0;0;0;0;1;1
conditional operator;conditional operator;conditional operator;0;0;0;0;0;0;0;0;0;0;0;0;0;0;1;0;0;0;0;0;0;0
list cloning;list cloning;list cloning;0;0;0;0;0;0;0;0;0;0;0;0;0;0;0;0;0;0;0;0;0;0
infinite loop;infinite loop;infinite loop;0;0;0;0;0;3;0;0;0;0;0;0;0;0;0;0;0;0;0;0;5;0
deterministic;deterministic;deterministic;0;0;0;0;0;0;0;0;3;0;0;0;0;0;0;0;0;0;0;0;0;0
program;program;programs, program;76;10;19;14;20;25;6;1;12;0;12;2;9;3;3;7;4;1;1;7;64;0
swap;swap;swap;0;0;0;0;0;0;0;0;10;0;0;0;0;0;2;0;0;0;0;0;0;0
soap fault;soap fault;soap faults, soap fault;0;0;0;0;0;0;0;0;0;0;0;0;0;0;0;0;0;0;0;0;0;0
bracket operator;bracket operator;bracket operator;0;0;0;0;0;0;1;5;0;0;0;0;0;0;0;0;0;0;0;0;0;0
immutable;immutable;immutable;0;0;0;0;0;0;2;1;6;2;0;0;0;0;0;0;0;0;0;0;0;0
second argument;second argument;second argument;0;0;0;0;0;0;0;0;0;1;0;0;0;1;1;0;0;0;0;0;0;0
function parameter;function parameter;function parameter;0;0;0;0;0;0;0;0;0;0;0;0;0;0;0;0;0;0;0;0;0;0
program encapsulation;program encapsulation;program encapsulation;0;0;0;0;0;0;0;0;0;0;0;0;0;0;0;0;0;0;0;0;0;0
mutable object invariant;mutable object invariant;mutable object invariant;0;0;0;0;0;0;0;0;0;0;0;0;0;0;0;0;0;0;0;0;0;0
function return;function return;function returns, function return;0;0;0;0;0;0;3;1;0;1;0;0;0;0;0;0;0;0;0;2;0;0
modulus operator;modulus operator;modulus operator;0;0;0;5;0;0;0;0;0;0;1;0;0;0;0;2;0;0;0;0;0;1
handler class;handler class;handler class;0;0;0;0;0;0;0;0;0;0;0;0;0;0;0;0;0;0;0;0;0;0
lowercase;lowercase;lowercase;0;0;0;0;0;0;12;0;0;0;0;0;0;0;0;0;0;0;0;0;0;0
external link;external link;external links, external link;0;0;0;0;0;0;0;0;0;0;0;0;0;0;0;0;0;0;0;0;0;0
first-class object;first-class object;first-class objects, first-class object;0;0;0;0;0;0;0;0;0;0;0;0;0;0;0;0;0;0;0;0;0;0
global variable;global variable;global variables, global variable;0;0;0;0;0;0;0;0;0;0;0;0;0;0;0;0;0;0;0;0;0;0
class dictionary;class dictionary;class dictionaries, class dictionary;0;0;0;0;0;0;0;0;0;0;0;0;0;0;0;0;0;0;0;0;0;0
nesting;nesting;nesting;0;0;0;1;0;0;0;0;0;0;0;0;0;0;0;0;0;0;0;1;0;0
real dictionary;real dictionary;real dictionary;0;0;0;0;0;0;0;0;0;0;0;0;0;0;0;0;0;0;0;0;0;0
condition;condition;condition;1;0;0;13;3;10;2;2;0;0;4;0;0;0;0;0;0;2;0;1;5;0
improved queue;improved queue;improved queue;0;0;0;0;0;0;0;0;0;0;0;0;0;0;0;0;0;0;0;0;0;0
format string;format string;format string;0;0;0;0;0;0;0;0;0;0;7;0;0;0;0;0;0;0;0;0;1;0
list comprehension;list comprehension;list comprehensions, list comprehension;0;0;0;0;0;0;0;0;0;0;0;0;0;0;0;0;0;0;0;0;0;0
function equality;function equality;function equality;0;0;0;0;0;0;0;0;0;0;0;0;0;0;0;0;0;0;0;0;0;0
puppet lab;puppet lab;puppet labs, puppet lab;0;0;0;0;0;0;0;0;0;0;0;0;0;0;0;0;0;0;0;0;0;0
list;list;lists, list;0;3;5;0;0;1;1;143;26;14;7;1;0;6;19;13;87;13;16;13;2;0
error stream;error stream;error stream;0;0;0;0;0;0;0;0;0;0;0;0;0;0;0;0;0;0;0;0;0;0
expression function;expression function;expression functions, expression function;0;0;0;0;0;0;0;0;0;0;0;0;0;0;0;0;0;0;0;0;0;0
function definition;function definition;function definition;0;0;8;0;0;1;0;0;0;0;0;0;0;3;0;0;0;0;0;0;0;0
item;item;items, item;0;0;0;0;0;0;1;0;1;6;3;3;0;0;3;1;2;21;34;1;3;0
tree node;tree node;tree node;0;0;0;0;0;0;0;0;0;0;0;0;0;0;0;0;0;0;0;2;0;0
standard type;standard type;standard type;0;0;0;0;0;0;0;0;0;0;0;0;0;0;0;0;0;0;0;0;0;0
custom url;custom url;custom url;0;0;0;0;0;0;0;0;0;0;0;0;0;0;0;0;0;0;0;0;0;0
empty string;empty string;empty string;0;0;0;0;0;0;0;0;0;0;4;0;0;0;1;1;0;2;0;0;0;0
queueing policy;queueing policy;queueing policy;0;0;0;0;0;0;0;0;0;0;0;0;0;0;0;0;0;0;8;0;0;0
leading character;leading character;leading characters, leading character;0;0;0;0;0;0;0;0;0;0;0;0;0;0;0;0;0;0;0;0;0;0
fundamental ambiguity;fundamental ambiguity;fundamental ambiguity;0;0;0;0;0;0;0;0;0;0;0;0;0;0;0;0;3;0;0;0;0;0
different thing;different thing;different things, different thing;0;0;0;0;0;0;0;1;0;0;0;0;0;0;0;0;0;0;0;0;0;0
circular definition;circular definition;circular definition;0;0;0;0;2;0;0;0;0;0;0;0;0;0;0;0;0;0;0;0;0;0
configuration management;configuration management;configuration management;0;0;0;0;0;0;0;0;0;0;0;0;0;0;0;0;0;0;0;0;0;0
specific handler;specific handler;specific handler;0;0;0;0;0;0;0;0;0;0;0;0;0;0;0;0;0;0;0;0;0;0
input source;input source;input sources, input source;0;0;0;0;0;0;0;0;0;0;0;0;0;0;0;0;0;0;0;0;0;0
regular expression;regular expression;regular expressions, regular expression;0;0;0;0;0;0;0;0;0;0;0;0;0;0;0;0;0;3;0;0;0;0
different argument;different argument;different argument;0;0;0;0;0;1;0;0;0;0;0;0;0;0;0;0;0;0;0;0;0;0
modulus operator overloading;modulus operator overloading;modulus operator overloading;0;0;0;0;0;0;0;0;0;0;0;0;0;0;0;0;0;0;0;0;0;0
value;value;values, value;3;31;36;11;37;39;9;15;25;33;16;11;1;15;9;2;6;0;2;1;10;2
standard library;standard library;standard library;0;0;0;0;0;0;0;0;0;0;0;0;0;0;0;0;0;1;0;0;0;0
unittest module;unittest module;unittest module;0;0;0;0;0;0;0;0;0;0;0;0;0;0;0;0;0;0;0;0;0;0
callable object;callable object;callable object;0;0;0;0;0;0;0;0;0;0;0;0;0;0;0;0;0;0;0;0;0;0
parses html;par html;parses html;0;0;0;0;0;0;0;0;0;0;0;0;0;0;0;0;0;0;0;0;0;0
cargo;cargo;cargo;0;0;0;0;0;0;0;0;0;0;0;0;0;0;0;0;14;0;10;17;0;0
recursive data structure;recursive data structure;recursive data structure;0;0;0;0;0;0;0;0;0;0;0;0;0;0;0;0;2;0;0;1;0;0
known value;known value;known values, known value;0;0;0;0;0;0;0;0;0;0;0;0;0;0;0;0;0;0;0;0;0;0
object contain;object contain;object contains, object contain;0;0;0;0;0;0;0;0;0;0;0;0;0;0;0;0;0;0;0;0;0;0
sum;sum;sum;0;0;1;0;1;0;0;0;0;0;0;0;21;2;1;0;0;2;0;11;0;2
slice list;slice list;slice list;0;0;0;0;0;0;0;0;0;0;0;0;0;0;0;0;0;0;0;0;0;0
planned development;planned development;planned development;0;0;0;0;0;0;0;0;0;0;0;0;2;0;0;0;0;0;0;0;0;0
list traverse recursively;list traverse recursively;list traverse recursively;0;0;0;0;0;0;0;0;0;0;0;0;0;0;0;0;0;0;0;0;0;0
access;access;access;0;0;1;0;0;1;1;0;0;1;0;0;0;1;1;0;0;0;0;0;3;0
straight flush;straight flush;straight flush;0;0;0;0;0;0;0;0;0;0;0;0;0;0;0;1;0;0;0;0;0;0
version;version;version;3;2;3;2;5;3;6;2;3;4;2;2;7;6;3;4;2;3;3;6;3;3
closure function;closure function;closure function;0;0;0;0;0;0;0;0;0;0;0;0;0;0;0;0;0;0;0;0;0;0
template;template;template;0;0;0;0;0;0;0;0;0;0;0;1;0;0;0;0;0;0;0;0;0;0
permanent address;permanent address;permanent address;0;0;0;0;0;0;0;0;0;0;0;0;0;0;0;0;0;0;0;0;0;0
numeral;numeral;numerals, numeral;0;0;0;0;0;0;0;0;0;0;0;0;0;0;0;0;0;0;0;0;0;0
binary tree;binary tree;binary tree;0;0;0;0;0;0;0;0;0;0;0;0;0;0;0;0;0;0;0;2;0;0
html tag;html tag;html tag;0;0;0;0;0;0;0;0;0;0;0;0;0;0;0;0;0;0;0;0;0;0
method;method;methods, method;0;0;0;0;0;0;0;0;0;19;5;5;0;49;20;24;17;9;16;1;15;11
body;body;body;0;0;0;6;0;4;1;5;0;0;0;1;0;0;1;0;0;0;1;0;0;1
redirect;redirect;redirect;0;0;0;0;0;0;0;0;0;0;0;0;0;0;0;0;0;0;0;0;0;0
actual search;actual search;actual search;0;0;0;0;0;0;0;0;0;0;0;0;0;0;0;0;0;0;0;0;0;0
compile function;compile function;compile function;0;0;0;0;0;0;0;0;0;0;0;0;0;0;0;0;0;0;0;0;0;0
scalar multiplication;scalar multiplication;scalar multiplication;0;0;0;0;0;0;0;0;0;0;0;0;0;2;0;0;0;0;0;0;0;0
guardian;guardian;guardian;0;0;0;0;4;0;0;0;0;0;0;0;0;0;0;0;0;0;0;0;0;0
list operand;list operand;list operand;0;0;0;0;0;0;0;0;0;0;0;0;0;0;0;0;0;0;0;0;0;0
animal game;animal game;animal game;0;0;0;0;0;0;0;0;0;0;0;0;0;0;0;0;0;0;0;0;0;0
running code;running code;running code;0;0;0;0;0;0;0;0;0;0;0;0;0;0;0;0;0;0;0;0;0;0
high-level language;high-level language;high-level language;13;0;0;0;0;0;0;0;0;0;0;0;0;0;0;0;0;1;0;0;0;0
path;path;path;0;0;0;0;1;0;0;0;0;0;2;0;0;0;0;0;0;0;0;0;1;0
error messages syntax;error message syntax;error messages syntax;0;0;0;0;0;0;0;0;0;0;0;0;0;0;0;0;0;0;0;0;0;0
natural way;natural way;natural way;0;0;0;0;0;0;0;0;0;0;0;1;0;0;1;0;0;1;0;2;0;0
interpret;interpret;interpret;2;0;0;1;0;1;0;0;0;0;0;0;0;0;0;0;0;0;0;0;0;0
preorder;preorder;preorder;0;0;0;0;0;0;0;0;0;0;0;0;0;0;0;0;0;0;0;2;0;0
search;search;search;0;0;0;0;0;0;1;0;0;0;0;0;0;0;0;0;0;0;1;0;0;0
modifier;modifier;modifier;0;0;0;0;0;0;0;0;0;0;0;0;9;1;0;0;0;0;0;0;0;0
python tutorial;python tutorial;python tutorial;0;0;0;0;0;0;0;0;0;0;0;0;0;0;0;0;0;0;0;0;0;0
template engine;template engine;template engine;0;0;0;0;0;0;0;0;0;0;0;0;0;0;0;0;0;0;0;0;0;0
step;step;step;1;0;0;0;7;3;0;3;4;0;0;0;1;1;1;1;1;0;0;1;4;1
queue;queue;queue;0;0;0;0;0;0;0;0;0;0;0;0;0;0;0;0;0;0;56;0;0;0
file object;file object;file objects, file object;0;0;0;0;0;0;0;0;0;0;4;0;0;0;0;0;0;0;0;0;0;0
delimiter;delimiter;delimiter;0;0;0;0;0;0;0;5;0;0;1;0;0;0;0;0;0;5;0;0;0;0
abstraction layer;abstraction layer;abstraction layers, abstraction layer;0;0;0;0;0;0;0;0;0;0;0;0;0;0;0;0;0;0;0;0;0;0
xml document;xml document;xml documents, xml document;0;0;0;0;0;0;0;0;0;0;0;0;0;0;0;0;0;0;0;0;0;0
argument name;argument name;argument name;0;0;0;0;0;0;0;0;0;0;0;0;0;0;0;0;0;0;0;0;0;0
web page;web page;web pages, web page;0;0;0;0;0;0;0;0;0;0;0;0;0;0;0;0;0;0;0;0;0;0
match object;match object;match objects, match object;0;0;0;0;0;0;0;0;0;0;0;0;0;0;0;0;0;0;0;0;0;0
text substitution;text substitution;text substitutions, text substitution;0;0;0;0;0;0;0;0;0;0;0;0;0;0;0;0;0;0;0;0;0;0
accessories folder;accessory folder;accessories folder;0;0;0;0;0;0;0;0;0;0;0;0;0;0;0;0;0;0;0;0;0;0
shuffle;shuffle;shuffle;0;0;0;0;0;0;0;0;0;0;0;0;0;0;3;4;0;0;0;0;0;0
verbose;verbose;verbose;1;0;0;0;0;0;0;0;0;0;0;0;0;0;0;0;0;0;0;0;0;0
pentium;pentium;pentium;0;0;0;0;0;1;0;0;0;0;0;0;0;0;0;0;0;0;0;0;0;0
python reference manual;python reference manual;python reference manual;0;0;0;0;0;0;0;0;0;0;1;0;0;0;0;0;0;0;0;0;0;0
call graph function;call graph function;call graph function;0;0;0;0;0;0;0;0;0;0;0;0;0;0;0;0;0;0;0;0;0;0
wsdl file;wsdl file;wsdl file;0;0;0;0;0;0;0;0;0;0;0;0;0;0;0;0;0;0;0;0;0;0
api;api;api;0;0;0;0;0;0;0;0;0;0;0;0;0;0;0;0;0;0;0;0;0;0
modifier function;modifier function;modifier function;0;0;0;0;0;0;0;0;0;0;0;0;0;0;0;0;0;0;0;0;0;0
prompt;prompt;prompt;1;0;0;7;0;0;0;0;0;0;1;0;0;0;0;0;0;0;0;11;1;0
decrement;decrement;decrement;0;0;0;0;0;0;2;0;0;0;0;0;0;0;0;0;0;0;0;0;0;0
coercion;coercion;coercion;0;0;4;0;0;0;0;0;0;0;0;0;0;0;0;0;0;0;0;0;0;0
improved implementation;improved implementation;improved implementation;0;0;0;0;0;0;0;0;0;0;0;0;0;0;0;0;0;0;0;0;0;0
unit;unit;unit;0;0;0;0;0;0;0;0;0;0;0;2;0;0;0;0;1;1;0;0;0;0
overloading operator overloading;overloading operator overloading;overloading operator overloading;0;0;0;0;0;0;0;0;0;0;0;0;0;0;0;0;0;0;0;0;0;0
executable;executable;executable;2;0;0;0;0;0;0;0;0;0;0;0;0;0;0;0;0;0;0;0;0;0
final keyword;final keyword;final keyword;0;0;0;0;0;0;0;0;0;0;0;0;0;0;0;0;0;0;0;0;0;0
scaffolding;scaffolding;scaffolding;0;0;0;0;3;0;0;0;0;0;0;0;0;0;0;0;0;0;0;0;0;0
loop variable;loop variable;loop variable;0;0;0;0;0;3;0;3;3;0;0;0;0;0;1;1;1;0;0;0;0;0
full path;full path;full path;0;0;0;0;0;0;0;0;0;0;0;0;0;0;0;0;0;0;0;0;0;0
sibling node;sibling node;sibling node;0;0;0;0;0;0;0;0;0;0;0;0;0;0;0;0;0;0;0;0;0;0
parent class;parent class;parent class;0;0;0;0;0;0;0;0;0;0;0;0;0;0;0;4;0;0;0;0;0;0
second parameter;second parameter;second parameter;0;0;0;0;0;0;0;0;0;0;0;0;0;2;0;0;0;0;0;0;0;0
encode;encode;encode;0;0;0;0;0;0;1;0;0;0;0;0;0;0;5;0;0;0;0;0;0;0
entire match;entire match;entire match;0;0;0;0;0;0;0;0;0;0;0;0;0;0;0;0;0;0;0;0;0;0
doc string;doc string;doc string;0;0;0;0;0;0;0;0;0;0;0;0;0;0;0;0;0;0;0;0;0;0
type;type;types, type;6;35;21;4;3;1;7;3;17;12;15;10;1;18;6;0;3;8;1;1;3;6
start;start;start;4;0;1;0;4;3;4;3;2;3;0;0;0;5;0;3;1;1;1;2;7;2
full test;full test;full test;0;0;0;0;0;0;0;0;0;0;0;0;0;0;0;0;0;0;0;0;0;0
chained conditional statement;chained conditional statement;chained conditional statement;0;0;0;0;0;0;0;0;0;0;0;0;0;0;0;0;0;0;0;0;0;0
False generalization;false generalization;program generalization, False generalization;0;0;0;0;0;0;0;0;0;0;0;0;0;0;0;0;0;0;0;0;0;0
mutable type;mutable type;mutable types, mutable type;0;0;0;0;0;0;0;0;2;0;0;0;0;0;0;0;0;0;0;0;0;0
different variable;different variable;different variables, different variable;0;1;0;0;0;0;0;0;0;0;0;0;0;0;0;0;0;0;0;0;0;0
single test;single test;single test;0;0;0;0;0;0;0;0;0;0;0;0;0;0;0;0;0;0;0;0;0;0
encoding scheme;encoding scheme;encoding scheme;0;0;0;0;0;0;0;0;0;0;0;0;0;0;0;0;0;0;0;0;0;0
match function;match function;match function;0;0;0;0;0;0;0;0;0;0;0;0;0;0;0;0;0;0;0;0;0;0
calling function;calling function;calling function;0;0;0;0;0;0;0;0;0;0;0;0;0;0;0;0;0;0;0;0;0;0
outer function;outer function;outer function;0;0;1;0;0;0;0;0;0;0;0;0;0;0;0;0;0;0;0;0;0;0
flag;flag;flags, flag;0;0;0;0;0;0;0;0;0;0;0;0;0;0;0;0;0;0;0;0;0;0
special value;special value;special values, special value;0;0;0;1;2;0;0;0;0;0;0;0;0;0;0;0;0;0;0;0;0;0
text file;text file;text file;0;0;0;0;0;0;0;0;0;1;5;0;0;0;0;0;0;0;0;0;0;0
python version;python version;python versions, python version;0;0;0;0;0;0;0;0;0;0;0;0;0;0;0;0;0;0;0;0;0;0
gamma function;gamma function;gamma function;0;0;0;0;1;0;0;0;0;0;0;0;0;0;0;0;0;0;0;0;0;0
implicit context;implicit context;implicit context;0;0;0;0;0;0;0;0;0;0;0;0;0;0;0;0;0;0;0;0;0;0
common directory;common directory;common directory;0;0;0;0;0;0;0;0;0;0;0;0;0;0;0;0;0;0;0;0;0;0
socket;socket;sockets, socket;0;0;0;0;0;0;0;0;0;0;0;0;0;0;0;0;0;0;0;0;0;0
logarithm;logarithm;logarithm;0;0;3;0;0;6;0;0;0;0;0;0;0;0;0;0;0;0;0;0;0;0
standard input;standard input;standard input;0;0;0;0;0;0;0;0;0;0;0;0;0;0;0;0;0;0;0;0;0;0
none;none;none;0;0;0;0;4;0;0;0;0;0;0;0;0;0;0;1;15;0;10;17;0;0
word;word;word;5;3;2;2;1;1;9;4;1;1;4;1;1;0;2;2;1;3;0;2;2;0
root node;root node;root node;0;0;0;0;0;0;0;0;0;0;0;0;0;0;0;0;0;0;0;1;0;0
portability;portability;portability;1;0;0;0;0;0;0;0;0;0;0;0;0;0;0;0;0;0;0;0;0;0
immutable data type;immutable data type;immutable data type;0;0;0;0;0;0;0;0;0;0;0;0;0;0;0;0;0;0;0;0;0;0
functional programming;functional programming;functional programming;0;0;0;0;0;0;0;0;0;0;0;0;2;0;0;0;0;0;0;0;0;0
work;work;works, work;2;4;1;3;7;1;2;4;2;4;0;0;1;7;1;1;5;1;2;0;10;3
tree node expression;tree node expression;tree node expression;0;0;0;0;0;0;0;0;0;0;0;0;0;0;0;0;0;0;0;0;0;0
error messages semantic;error message semantic;error messages semantic;0;0;0;0;0;0;0;0;0;0;0;0;0;0;0;0;0;0;0;0;0;0
whitespace;whitespace;whitespace;0;0;0;0;0;0;7;1;0;0;1;0;0;0;0;0;0;0;0;0;0;0
com index;com index;com index;0;0;0;0;0;0;0;0;0;0;0;0;0;0;0;0;0;0;0;0;0;0
list length;list length;list length;0;0;0;0;0;0;0;1;0;0;0;0;0;0;0;0;0;0;0;0;0;0
natural language;natural language;natural language;13;1;0;0;0;0;0;0;0;0;0;0;1;0;0;0;0;2;0;0;0;0
pickle;pickle;pickle;0;0;0;0;0;0;0;0;0;0;8;0;0;0;0;0;0;0;0;0;0;0
example;example;examples, example;10;9;16;9;9;11;7;11;4;6;13;8;5;14;13;5;13;6;2;10;10;3
copy module;copy module;copy module;0;0;0;0;0;0;0;0;0;0;0;0;0;0;0;0;0;0;0;0;0;0
infinite recursion;infinite recursion;infinite recursion;0;0;0;7;1;0;0;0;0;0;0;0;0;0;0;0;0;0;0;0;8;0
same list;same list;same list;0;0;0;0;0;0;0;1;0;0;0;0;0;0;0;0;0;0;0;0;0;0
mental model;mental model;mental model;0;0;0;0;0;0;0;0;0;0;0;0;0;0;0;0;0;0;0;0;3;0
process;process;process;13;0;1;2;4;3;0;1;0;0;1;0;3;0;0;0;0;1;0;2;1;0
attribute;attribute;attributes, attribute;0;0;0;0;0;0;0;0;0;0;0;10;2;4;17;2;3;1;3;1;1;0
in operator overloading;in operator overloading;in operator overloading;0;0;0;0;0;0;0;0;0;0;0;0;0;0;0;0;0;0;0;0;0;0
loop condition;loop condition;loop condition;0;0;0;0;0;0;1;0;0;0;0;0;0;0;0;0;0;0;0;0;0;0
print statement;print statement;print statement;2;6;0;0;0;0;0;0;0;0;0;0;0;0;0;0;0;0;0;0;0;0
newline;newline;newline;0;0;21;7;0;4;1;0;0;0;4;0;0;0;0;0;1;0;0;0;0;0
python programming;python programming;python programming;1;0;0;0;0;0;0;0;0;0;0;0;0;0;0;0;0;0;0;0;0;0
compile;compile;compile;1;0;0;0;0;0;0;0;0;0;0;0;0;0;0;0;0;0;0;0;0;0
fundamental ambiguity theorem;fundamental ambiguity theorem;fundamental ambiguity theorem;0;0;0;0;0;0;0;0;0;0;0;0;0;0;0;0;3;0;0;0;0;0
python library;python library;python library;0;0;0;0;0;0;1;0;0;0;0;0;0;0;0;0;0;0;0;0;0;0
tab;tab;tab;0;0;0;0;0;8;1;0;0;0;0;0;0;0;0;0;0;0;0;0;1;0
sense;sense;sense;1;1;0;1;1;0;2;0;1;0;0;0;0;0;1;1;1;1;0;0;1;1
error handling;error handling;error handling;0;0;0;0;0;0;0;0;0;0;0;0;0;0;0;0;0;0;0;0;0;0
redirect handler;redirect handler;redirect handler;0;0;0;0;0;0;0;0;0;0;0;0;0;0;0;0;0;0;0;0;0;0
join function;join function;join function;0;0;0;0;0;0;0;0;0;0;0;0;0;0;0;0;0;0;0;0;0;0
cloning;cloning;cloning;0;0;0;0;0;0;0;2;0;0;0;0;0;0;0;0;0;0;0;0;0;0
counting;counting;counting;0;0;0;0;0;0;2;0;1;1;0;0;0;0;0;0;0;0;0;0;0;0
inheritance;inheritance;inheritance;0;0;0;0;0;0;0;0;0;0;0;0;0;1;0;15;0;0;0;0;0;0
planned development plan;planned development plan;planned development plan;0;0;0;0;0;0;0;0;0;0;0;0;0;0;0;0;0;0;0;0;0;0
namespace;namespace;namespace;0;0;0;0;0;0;0;0;0;0;0;0;0;0;0;0;0;0;0;0;0;0
feature;feature;features, feature;2;2;0;0;1;2;0;0;1;0;0;0;1;6;2;4;1;0;0;0;0;1
write;write;write;5;1;6;3;11;4;1;2;3;1;15;2;7;6;2;5;2;5;2;5;3;3
animal;animal;animal;0;0;0;0;0;0;0;0;0;0;0;0;0;0;0;0;0;0;0;24;0;0
mutable;mutable;mutable;0;0;0;0;0;0;1;3;4;1;0;1;0;0;0;0;0;0;0;1;0;0
examples directory;example directory;examples directory;0;0;0;0;0;0;0;0;0;0;0;0;0;0;0;0;0;0;0;0;0;0
parameter;parameter;parameter;0;0;16;4;4;10;2;3;2;1;0;2;1;15;2;3;1;0;0;1;4;3
compiled regular expression;compiled regular expression;compiled regular expression;0;0;0;0;0;0;0;0;0;0;0;0;0;0;0;0;0;0;0;0;0;0
product;product;product;0;0;0;0;2;0;0;0;0;0;0;0;1;4;0;0;0;2;0;17;0;3
irrational;irrational;irrational;0;0;0;0;0;0;0;0;0;0;0;0;0;0;0;0;0;0;0;0;0;1
compound statement;compound statement;compound statement;0;1;0;4;0;0;0;0;0;0;0;2;0;0;0;0;0;0;0;0;1;0
clone;clone;clone;0;0;0;0;0;0;0;3;0;0;0;0;0;0;0;0;0;0;0;0;0;0
slouse;slouse;slice, slouse;0;0;0;0;0;0;0;0;0;0;0;0;0;0;0;0;0;0;0;0;0;0
second time;second time;second time;0;0;0;0;0;1;0;0;0;0;0;0;0;0;0;0;0;0;0;0;0;0
collection;collection;collection;0;0;3;0;0;0;0;1;0;1;1;0;0;0;0;0;4;3;1;0;0;0
command-line argument;command-line argument;command-line arguments, command-line argument;0;0;0;0;0;0;0;0;0;0;0;0;0;0;0;0;0;0;0;0;0;0
redundancy;redundancy;redundancy;2;0;0;0;0;0;0;0;0;0;0;0;0;0;0;0;0;0;0;0;0;0
uppercase;uppercase;uppercase;0;1;0;0;0;0;4;0;0;0;0;1;0;0;0;0;0;0;0;0;0;0
xml attribute;xml attribute;xml attribute;0;0;0;0;0;0;0;0;0;0;0;0;0;0;0;0;0;0;0;0;0;0
test case;test case;test cases, test case;0;0;0;0;0;0;0;0;0;0;0;0;0;0;0;0;0;0;0;0;3;0
modu import;modu import;modu import;0;0;0;0;0;0;0;0;0;0;0;0;0;0;0;0;0;0;0;0;0;0
soap service;soap service;soap service;0;0;0;0;0;0;0;0;0;0;0;0;0;0;0;0;0;0;0;0;0;0
postorder;postorder;postorder;0;0;0;0;0;0;0;0;0;0;0;0;0;0;0;0;0;0;0;2;0;0
python support;python support;python supports, python support;0;0;0;0;0;0;0;0;0;0;0;0;0;0;0;0;0;0;0;0;0;0
constant time;constant time;constant time;0;0;0;0;0;0;0;0;0;0;0;0;0;0;0;0;0;0;7;0;0;0
priority queue;priority queue;priority queue;0;0;0;0;0;0;0;0;0;0;0;0;0;0;0;0;0;0;13;0;0;0
temporary variable;temporary variable;temporary variable;0;0;0;0;6;0;0;0;1;0;0;0;0;0;0;0;1;0;0;0;2;0
object print statement;object print statement;object print statement;0;0;0;0;0;0;0;0;0;0;0;0;0;0;0;0;0;0;0;0;0;0
datatype;datatype;datatype;0;0;0;0;0;0;0;0;0;0;0;0;0;0;0;0;0;0;0;0;0;0
compound data type;compound data type;compound data type;0;0;0;0;0;0;5;0;0;0;0;1;0;0;0;0;0;0;0;0;0;0
documentation;documentation;documentation;0;0;0;0;0;0;1;0;0;1;0;0;0;0;0;0;0;0;0;0;2;0
function argument;function argument;function arguments, function argument;0;0;0;0;0;0;0;0;0;0;0;0;0;0;0;0;0;0;0;0;0;0
fibonacci function;fibonacci function;fibonacci function;0;0;0;0;0;0;0;0;0;0;0;0;0;0;0;0;0;0;0;0;0;0
django;django;django;0;0;0;0;0;0;0;0;0;0;0;0;0;0;0;0;0;0;0;0;0;0
minimal example;minimal example;minimal example;0;0;0;0;0;0;0;0;0;0;0;0;0;0;0;0;0;0;0;0;0;0
operation dictionary;operation dictionary;operation dictionary;0;0;0;0;0;0;0;0;0;0;0;0;0;0;0;0;0;0;0;0;0;0
python interpreter;python interpreter;python interpreter;2;2;0;1;0;0;0;0;0;0;0;0;0;0;0;0;0;0;0;0;0;1
dynamic binding;dynamic binding;dynamic binding;0;0;0;0;0;0;0;0;0;0;0;0;0;0;0;0;0;0;0;0;0;0
order;order;order;3;7;6;2;0;0;3;0;0;3;3;1;0;1;5;1;1;2;3;5;6;1
main menu;main menu;main menu;0;0;0;0;0;0;0;0;0;0;0;0;0;0;0;0;0;0;0;0;0;0
same line;same line;same line;0;0;0;0;0;1;0;0;0;0;0;0;0;0;0;0;0;0;0;0;0;0
character class;character class;character class;0;0;0;0;0;0;0;0;0;0;0;0;0;0;0;0;0;0;0;0;0;0
non-limited length;non-limited length;non-limited length;0;0;0;0;0;0;0;0;0;0;0;0;0;0;0;0;0;0;0;0;0;0
deck;deck;deck;0;0;0;0;0;0;0;0;0;0;0;0;0;0;36;46;0;0;0;0;0;0
in operator;in operator;in operator;0;0;0;0;0;0;0;0;0;0;0;0;0;2;1;0;0;0;0;0;0;0
list implementation;list implementation;list implementation;0;0;0;0;0;0;0;0;0;0;0;0;0;0;0;0;0;0;1;0;0;0
FIFO;fifo;FIFO;0;0;0;0;0;0;0;0;0;0;0;0;0;0;0;0;0;0;3;0;0;0
variable role;variable role;variable roles, variable role;0;0;0;0;0;0;0;0;0;0;0;0;0;0;0;0;0;0;0;0;0;0
special class;special class;special class;0;0;0;0;0;0;0;0;0;0;0;0;0;0;0;0;0;0;0;0;0;0
interpreter;interpreter;interpreter;12;7;1;1;0;1;0;0;0;0;0;0;0;0;0;0;0;0;0;0;0;1
debugging information;debugging information;debugging information;0;0;0;0;0;0;0;0;0;0;0;0;0;0;0;0;0;0;0;0;0;0
partial ordering;partial ordering;partial ordering;0;0;0;0;0;0;0;0;0;0;0;0;0;0;0;0;0;0;0;0;0;0
negation;negation;negation;0;0;0;0;0;0;0;0;0;0;0;0;0;0;0;0;0;0;0;0;0;3
data attribute;data attribute;data attributes, data attribute;0;0;0;0;0;0;0;0;0;0;0;0;0;0;0;0;0;0;0;0;0;0
normal python;normal python;normal python;0;0;0;0;0;0;0;0;0;0;0;0;0;0;0;0;0;0;0;0;0;0
list method;list method;list method;0;0;0;0;0;0;0;0;0;1;0;0;0;0;1;1;0;1;0;0;0;0
processor time;processor time;processor time;0;0;0;0;0;0;0;0;0;0;0;0;0;0;0;0;0;0;0;0;0;0
initialization method;initialization method;initialization method;0;0;0;0;0;0;0;0;0;0;0;0;0;5;2;1;1;1;1;0;0;2
accessing element;accessing element;accessing element;0;0;0;0;0;0;0;1;0;0;0;0;0;0;0;0;0;0;0;0;0;0
keyword argument;keyword argument;keyword arguments, keyword argument;0;0;0;0;0;0;0;0;0;0;0;0;0;0;0;0;0;0;0;0;0;0
web application;web application;web applications, web application;0;0;0;0;0;0;0;0;0;0;0;0;0;0;0;0;0;0;0;0;0;0
platform;platform;platform;0;0;0;0;0;0;0;0;0;0;0;0;0;0;0;0;0;0;0;0;0;0
handling error;handling error;handling errors, handling error;0;0;0;0;0;0;0;0;0;0;0;0;0;0;0;0;0;0;0;1;0;0
bracket operator overloading;bracket operator overloading;bracket operator overloading;0;0;0;0;0;0;0;0;0;0;0;0;0;0;0;0;0;0;0;0;0;0
class instance;class instance;class instances, class instance;0;0;0;0;0;0;0;0;0;0;0;0;0;0;0;0;0;0;0;0;0;0
string module;string module;string module;0;0;0;0;0;0;0;0;0;0;0;0;0;0;0;0;0;0;0;0;0;0
mathematical operator;mathematical operator;mathematical operator;0;1;1;0;0;0;0;0;0;0;0;0;0;0;0;0;0;0;0;0;0;1
version number;version number;version number;0;0;0;0;0;0;0;0;0;0;0;0;0;0;0;0;0;0;0;0;0;0
proxy class;proxy class;proxy class;0;0;0;0;0;0;0;0;0;0;0;0;0;0;0;0;0;0;0;0;0;0
return;return;returns, return;1;1;7;11;70;0;12;11;11;12;11;7;7;17;17;13;6;5;13;32;6;10
type checking;type checking;type checking;0;0;0;0;0;0;0;0;0;0;0;0;0;0;0;0;0;0;0;0;0;0
python programming extending;python programming extending;python programming extending;0;0;0;0;0;0;0;0;0;0;0;0;0;0;0;0;0;0;0;0;0;0
python;python;python;17;12;13;9;5;4;5;4;4;5;7;2;0;8;2;1;1;5;4;2;9;5
conditional operator overloading;conditional operator overloading;conditional operator overloading;0;0;0;0;0;0;0;0;0;0;0;0;0;0;0;0;0;0;0;0;0;0
subexpression;subexpression;subexpression;0;0;0;0;0;0;0;0;0;0;0;0;0;0;0;0;0;0;0;3;0;0
string object;string object;string object;0;0;0;0;0;0;0;0;0;0;0;0;0;0;0;0;0;0;0;0;0;0
Robert McCloskey;Robert McCloskey;Robert McCloskey;0;0;0;0;0;0;0;0;0;0;0;0;0;0;0;0;0;0;0;0;0;0
framework;framework;framework;0;0;0;0;0;0;0;0;0;0;0;0;0;0;0;0;0;0;0;0;0;0
special method;special method;special methods, special method;0;0;0;0;0;0;0;0;0;0;0;0;0;2;0;0;0;0;0;0;0;0
integer division;integer division;integer division;0;10;1;0;0;0;0;0;0;0;1;0;0;0;0;0;0;0;0;0;0;0
immutable queue;immutable queue;immutable queue;0;0;0;0;0;0;0;0;0;0;0;0;0;0;0;0;0;0;0;0;0;0
python programmer;python programmer;python programmers, python programmer;0;0;0;0;0;0;0;0;0;0;0;0;0;0;0;0;0;0;0;0;0;0
pattern matching;pattern matching;pattern matching;0;0;0;0;0;0;0;0;2;0;0;0;0;0;0;0;0;0;0;0;0;0
decorator;decorator;decorator;0;0;0;0;0;0;0;0;0;0;0;0;0;0;0;0;0;0;0;0;0;0
underscore character;underscore character;underscore character;0;1;0;0;0;0;0;0;0;0;0;0;0;1;0;0;0;0;0;0;0;0
end tag;end tag;end tags, end tag;0;0;0;0;0;0;0;0;0;0;0;0;0;0;0;0;0;0;0;0;0;0
nested list;nested list;nested list;0;0;0;0;0;0;0;7;0;1;0;0;0;0;0;0;0;0;0;0;0;0
single element;single element;single element;0;0;0;0;0;0;0;2;1;0;0;0;0;0;0;0;0;0;0;0;0;0
nameerror;nameerror;nameerror;0;0;3;0;0;0;0;0;0;1;0;0;0;0;0;0;0;0;0;0;1;0
operator override;operator override;operator override;0;0;0;0;0;0;0;0;0;0;0;0;0;0;0;0;0;0;0;0;0;0
token;token;token;9;0;0;0;0;0;0;0;0;0;0;0;0;0;0;0;0;10;0;10;2;0
full pathname;full pathname;full pathname;0;0;0;0;0;0;0;0;0;0;0;0;0;0;0;0;0;0;0;0;0;0
return value;return value;return value;0;0;4;0;15;0;0;1;4;0;0;1;0;0;0;1;0;0;0;0;0;0
similar string;similar string;similar string;0;0;0;0;0;0;0;0;0;0;0;0;0;0;0;0;0;0;0;0;0;0
circular equality;circular equality;circular equality;0;0;0;0;0;0;0;0;0;0;0;0;0;0;0;0;0;0;0;0;0;0
test discovery;test discovery;test discovery;0;0;0;0;0;0;0;0;0;0;0;0;0;0;0;0;0;0;0;0;0;0
escape sequence;escape sequence;escape sequence;0;0;0;0;0;5;0;0;0;0;1;0;0;0;0;0;0;0;0;0;0;0
timing framework;timing framework;timing framework;0;0;0;0;0;0;0;0;0;0;0;0;0;0;0;0;0;0;0;0;0;0
slice index;slice index;slice index;0;0;0;0;0;0;0;0;0;0;0;0;0;0;0;0;0;0;0;0;0;0
static method;static method;static methods, static method;0;0;0;0;0;0;0;0;0;0;0;0;0;0;0;0;0;0;0;0;0;0
low-level language;low-level language;low-level language;4;0;0;0;0;0;0;0;0;0;0;0;0;0;0;0;0;0;0;0;0;0
reduce;reduce;reduce;1;0;0;0;0;0;0;0;0;0;0;0;0;0;0;0;0;0;0;0;0;4
command- line;command- line;command- line;0;0;0;0;0;0;0;0;0;0;0;0;0;0;0;0;0;0;0;0;0;0
ancestor tree;ancestor tree;ancestor tree;0;0;0;0;0;0;0;0;0;0;0;0;0;0;0;0;0;0;0;0;0;0
rule of precedence;rule of precedence;rules of precedence, rule of precedence;0;2;0;0;0;0;0;0;0;0;0;0;0;0;0;0;0;0;0;0;1;0
program crash;program crash;program crashes, program crash;0;0;0;1;0;0;0;0;0;0;0;0;0;0;0;0;0;0;0;0;0;0
operand;operand;operand;0;9;1;3;0;0;0;0;0;0;3;0;0;5;2;0;0;13;0;13;0;9
unicode datum;unicode datum;unicode data, unicode datum;0;0;0;0;0;0;0;0;0;0;0;0;0;0;0;0;0;0;0;0;0;0
operation;operation;operations, operation;1;9;3;1;0;2;3;2;2;2;2;1;1;11;1;3;6;15;12;2;0;6
todo;todo;todo;0;0;0;0;0;0;0;0;0;0;0;0;0;0;0;0;0;0;0;0;0;0
programming paradigm;programming paradigm;programming paradigm;0;0;0;0;0;0;0;0;0;0;0;0;0;0;0;0;0;0;0;0;0;0
complete language;complete language;complete language;0;0;0;0;0;0;0;0;0;0;0;0;0;0;0;0;0;0;0;0;0;0
xml library;xml library;xml libraries, xml library;0;0;0;0;0;0;0;0;0;0;0;0;0;0;0;0;0;0;0;0;0;0
same thing;same thing;same thing;1;2;0;1;0;0;1;1;2;0;0;0;0;1;0;0;0;1;0;0;0;0
matrix;matrix;matrix;0;0;0;0;0;0;0;10;0;14;0;0;0;0;0;0;0;0;0;0;0;0
command-line;command-line;command-line;2;0;0;0;0;0;0;0;0;0;0;0;0;0;0;0;0;0;0;0;0;0
user-defined data type;user-defined data type;user-defined data type;0;0;0;0;0;0;0;0;0;0;0;0;0;0;0;0;0;0;0;0;0;0
regular string;regular string;regular string;0;0;0;0;0;0;0;0;0;0;0;0;0;0;0;0;0;0;0;0;0;0
7-bit ascii;7-bit ascii;7-bit ascii;0;0;0;0;0;0;0;0;0;0;0;0;0;0;0;0;0;0;0;0;0;0
re;re;re;0;1;0;1;1;0;0;0;0;1;1;0;0;0;0;0;0;6;0;0;0;1
recursive equality;recursive equality;recursive equality;0;0;0;0;0;0;0;0;0;0;0;0;0;0;0;0;0;0;0;0;0;0
test module;test module;test module;0;0;0;0;0;0;0;0;0;0;0;0;0;0;0;0;0;0;0;0;0;0
rational;rational;rational;0;0;0;0;0;0;0;0;0;0;0;0;0;0;0;0;0;0;0;0;0;1
actual parameter;actual parameter;actual parameters, actual parameter;0;0;0;0;0;0;0;0;0;0;0;0;0;0;0;0;0;0;0;0;0;0
print;print;print;9;21;24;27;12;25;21;23;5;9;22;8;1;16;14;11;19;5;2;20;18;10
problem-solving;problem-solving;problem-solving;1;0;0;0;0;0;0;0;0;0;0;0;0;0;0;0;0;0;0;0;0;0
style class;style class;style classes, style class;0;0;0;0;0;0;0;0;0;0;0;0;0;0;0;0;0;0;0;0;0;0
dictionary;dictionary;dictionaries, dictionary;0;0;0;0;1;0;0;1;2;39;4;0;0;1;0;0;0;1;0;0;2;0
multiple method;multiple method;multiple methods, multiple method;0;0;0;0;0;0;0;0;0;0;0;0;0;0;0;0;0;0;0;0;0;0
hard-coded string;hard-coded string;hard-coded string;0;0;0;0;0;0;0;0;0;0;0;0;0;0;0;0;0;0;0;0;0;0
standard;standard;standard;1;0;0;0;0;0;1;0;0;0;0;1;0;0;1;0;0;3;0;0;0;0
server respond;server respond;server responds, server respond;0;0;0;0;0;0;0;0;0;0;0;0;0;0;0;0;0;0;0;0;0;0
function body;function body;function body;0;0;0;0;0;0;0;0;0;0;0;0;0;0;0;0;0;0;0;0;0;0
orm;orm;orm;0;0;0;0;0;0;0;0;0;0;0;0;0;0;0;0;0;0;0;0;0;0
format operator;format operator;format operator;0;0;0;0;0;0;0;0;0;0;3;0;0;0;0;0;0;0;1;0;0;0
printing list backward;printing list backward;printing list backwards, printing list backward;0;0;0;0;0;0;0;0;0;0;0;0;0;0;0;0;0;0;0;0;0;0
element;element;elements, element;5;2;0;0;0;0;4;44;15;9;0;0;0;0;4;0;4;1;1;0;1;0
data type;data type;data types, data type;0;0;0;0;0;0;6;1;2;0;0;1;0;0;0;0;0;5;0;0;0;3
infix;infix;infix;0;0;0;0;0;0;0;0;0;0;0;0;0;0;0;0;0;3;0;7;0;0
card;card;card;0;0;0;0;0;0;0;0;0;0;0;0;0;0;90;77;0;3;0;0;0;0
positional arguments;positional arguments;positional arguments;0;0;0;0;0;0;0;0;0;0;0;0;0;0;0;0;0;0;0;0;0;0
logging;logging;logging;0;0;0;0;0;0;0;0;0;0;0;0;0;0;0;0;0;0;0;0;0;0
language;language;languages, language;69;5;1;0;3;2;0;0;0;0;0;0;2;4;0;1;0;4;0;0;0;1
helper function;helper function;helper function;0;0;0;0;0;0;0;0;0;0;0;0;0;0;0;0;0;0;0;0;0;0
traceback;traceback;traceback;0;0;4;1;0;0;0;0;0;0;1;0;0;0;0;0;0;0;0;1;2;0
programming;programming;programming;17;2;2;1;1;1;0;0;0;0;0;0;5;9;0;2;1;1;0;0;2;1
quoted string;quoted string;quoted strings, quoted string;0;0;0;0;0;0;0;0;0;0;0;0;0;0;0;0;0;0;0;0;0;0
introduction;introduction;introduction;0;0;0;0;0;0;0;0;0;0;0;0;0;0;0;0;0;0;0;0;0;0
length;length;length;0;0;0;0;2;0;7;4;1;0;0;0;0;1;2;0;6;0;18;0;2;0
recursive definition;recursive definition;recursive definition;0;0;0;0;2;0;0;0;0;0;0;0;0;0;0;0;2;0;0;1;0;1
unit test;unit test;unit tests, unit test;0;0;0;0;0;0;0;0;0;0;0;0;0;0;0;0;0;0;0;0;0;0
concatenation;concatenation;concatenation;0;4;0;0;0;0;1;0;0;0;0;0;0;0;0;0;0;0;0;0;0;0
continue statement;continue statement;continue statement;0;0;0;0;0;0;0;0;0;0;1;0;0;0;0;0;0;0;0;0;0;0
user;user;user;0;0;2;9;0;0;1;0;0;0;2;4;2;4;1;0;0;0;0;6;1;0
singleton;singleton;singleton;0;0;0;0;0;0;0;0;0;0;0;0;0;0;0;0;3;0;0;3;0;0
geometric sequence;geometric sequence;geometric sequence;0;0;0;0;0;1;0;0;0;0;0;0;0;0;0;0;0;0;0;0;0;0
pseudocode;pseudocode;pseudocode;0;0;0;0;0;0;0;0;0;0;0;0;0;0;0;0;0;0;0;0;0;0
usage summary;usage summary;usage summary;0;0;0;0;0;0;0;0;0;0;0;0;0;0;0;0;0;0;0;0;0;0
number;number;numbers, number;2;14;6;10;2;3;4;29;34;5;17;3;8;2;4;6;2;1;3;8;3;8
rank;rank;rank;0;0;0;0;0;0;0;0;0;0;0;0;0;0;28;3;0;0;0;0;0;0
your code;your code;your code;0;0;0;0;0;0;0;0;0;0;0;0;0;0;0;0;0;0;0;1;1;0
support function;support function;support function;0;0;0;0;0;0;0;0;0;0;0;0;0;0;0;0;0;0;0;0;0;0
path information;path information;path information;0;0;0;0;0;0;0;0;0;0;0;0;0;0;0;0;0;0;0;0;0;0
message;message;message;5;12;1;6;1;0;0;0;1;1;4;0;0;1;0;0;0;1;0;1;11;0
portable;portable;portable;1;0;0;0;0;0;0;0;0;0;0;0;0;0;0;0;0;0;0;0;0;0
sample code;sample code;sample code;0;0;0;0;0;0;0;0;0;0;0;0;0;0;0;0;0;0;0;0;0;0
service;service;services, service;0;0;0;0;0;0;0;0;0;0;0;0;0;0;0;0;0;0;2;0;0;0
wrapper function;wrapper function;wrapper function;0;0;0;0;0;0;0;0;0;0;0;0;0;0;0;0;1;0;0;0;0;0
ordering;ordering;ordering;0;0;0;0;0;0;0;0;0;0;0;0;0;0;1;0;0;0;0;0;0;0
unary operator;unary operator;unary operator;0;0;0;0;0;0;0;0;0;0;0;0;0;0;0;0;0;0;0;0;0;0
system;system;systems, system;4;0;0;0;0;0;1;0;0;0;2;0;0;0;0;0;0;0;0;0;2;0
wrapper;wrapper;wrapper;0;0;0;0;0;0;0;0;0;0;0;0;0;0;0;0;5;0;0;0;0;0
parent node;parent node;parent node;0;0;0;0;0;0;0;0;0;0;0;0;0;0;0;0;0;0;0;1;0;0
priority;priority;priority;0;0;0;0;0;0;0;0;0;0;0;0;0;0;0;0;0;0;27;0;0;0
operator work;operator work;operator works, operator work;0;0;0;0;0;0;1;0;0;0;0;0;0;0;0;0;0;0;0;0;0;0
single argument;single argument;single argument;0;0;1;0;0;0;0;1;0;0;0;0;0;0;0;0;0;0;0;0;0;0
append method;append method;append method;0;0;0;0;0;0;0;0;0;0;0;0;0;0;0;0;0;0;0;0;0;0
statement;statement;statements, statement;8;27;24;44;18;27;2;2;2;1;15;5;2;0;3;1;1;0;1;3;15;0
performance hazard;performance hazard;performance hazard;0;0;0;0;0;0;0;0;0;0;0;0;0;0;0;0;0;0;0;0;0;0
aliasing reference;aliasing reference;aliasing reference;0;0;0;0;0;0;0;0;0;0;0;0;0;0;0;0;0;0;0;0;0;0
stack diagram;stack diagram;stack diagram;0;0;7;4;1;1;0;0;0;0;0;0;0;0;0;0;0;0;0;0;0;0
using list;using list;using list;0;0;0;0;0;0;0;0;0;0;0;0;0;0;0;0;0;0;0;0;0;0
tuple;tuple;tuples, tuple;0;0;0;0;0;0;0;0;28;2;5;1;0;0;2;1;0;0;0;0;2;0
tool;tool;tools, tool;0;0;0;0;1;0;0;0;0;0;0;0;0;0;0;0;0;0;0;0;0;0
xml atom;xml atom;xml atom;0;0;0;0;0;0;0;0;0;0;0;0;0;0;0;0;0;0;0;0;0;0
start tag;start tag;start tags, start tag;0;0;0;0;0;0;0;0;0;0;0;0;0;0;0;0;0;0;0;0;0;0
resource management;resource management;resource management;0;0;0;0;0;0;0;0;0;0;0;0;0;0;0;0;0;0;0;0;0;0
operator override function;operator override function;operator override functions, operator override function;0;0;0;0;0;0;0;0;0;0;0;0;0;0;0;0;0;0;0;0;0;0
task;task;task;1;0;0;0;0;2;0;0;0;0;0;0;0;0;0;0;0;1;0;0;0;0
augmented assignment;augmented assignment;augmented assignment;0;0;0;0;0;0;0;0;0;0;0;0;0;0;0;0;0;0;0;0;0;0
functional programming style;functional programming style;functional programming style;0;0;0;0;0;0;0;0;0;0;0;0;2;0;0;0;0;0;0;0;0;0
list as argument;list a argument;list as argument;0;0;0;0;0;0;0;1;0;0;0;0;0;0;0;0;0;0;0;0;0;0
copy;copy;copy;0;0;0;0;0;0;0;5;0;8;3;26;0;6;0;2;0;0;0;0;0;0
two-dimensional table;two-dimensional table;two-dimensional table;0;0;0;0;0;1;0;0;0;0;0;0;0;0;0;0;0;0;0;0;0;0
recursive cursor;recursive cursor;recursive cursor;0;0;0;0;0;0;0;0;0;0;0;0;0;0;0;0;0;0;0;0;0;0
object-oriented design;object-oriented design;object-oriented design;0;0;0;0;0;0;0;0;0;0;0;0;0;0;0;0;0;0;0;0;0;0
negative number;negative number;negative numbers, negative number;0;0;0;0;0;0;0;0;0;0;0;0;0;0;0;0;0;0;0;0;0;1
database;database;database;0;0;0;0;0;0;0;0;0;0;0;0;0;0;0;0;0;0;0;0;0;0
iteration;iteration;iteration;0;0;0;0;0;7;0;0;0;0;2;0;0;0;1;0;0;0;1;0;0;0
project;project;projects, project;1;0;0;0;0;0;0;0;0;0;0;0;0;0;0;0;0;0;0;0;0;0
postfix;postfix;postfix;0;0;0;0;0;0;0;0;0;0;0;0;0;0;0;0;0;12;0;3;0;0
tuple value;tuple value;tuple value;0;0;0;0;0;0;0;0;0;0;0;0;0;0;0;0;0;0;0;0;0;0
infinite list;infinite list;infinite list;0;0;0;0;0;0;0;0;0;0;0;0;0;0;0;0;3;0;0;0;0;0
str;str;str;0;5;5;0;0;0;4;0;1;0;5;4;0;20;3;0;2;0;0;2;0;0
code style;code style;code style;0;0;0;0;0;0;0;0;0;0;0;0;0;0;0;0;0;0;0;0;0;0
binary operator overloading;binary operator overloading;binary operator overloading;0;0;0;0;0;0;0;0;0;0;0;0;0;0;0;0;0;0;0;0;0;0
immutable type;immutable type;immutable types, immutable type;0;0;0;0;0;0;0;0;3;2;0;0;0;0;0;0;0;0;0;0;0;0
continuous integration;continuous integration;continuous integration;0;0;0;0;0;0;0;0;0;0;0;0;0;0;0;0;0;0;0;0;0;0
default processing;default processing;default processing;0;0;0;0;0;0;0;0;0;0;0;0;0;0;0;0;0;0;0;0;0;0
result;result;results, result;6;14;16;3;21;1;3;0;3;7;3;3;1;1;1;1;1;4;1;5;2;4
value at once;value at once;values at once, value at once;0;0;0;0;0;0;0;0;0;0;0;0;0;0;0;0;0;0;0;0;0;0
debugging;debugging;debugging;12;0;0;0;6;0;0;0;2;0;0;0;0;1;0;0;0;0;0;0;3;0
counter;counter;counter;0;0;0;0;0;1;2;0;1;0;0;0;0;0;0;0;0;0;0;0;0;0
false;false;false;0;0;0;9;4;4;1;2;0;2;2;2;1;0;2;0;0;0;0;2;1;0
shorthand syntax;shorthand syntax;shorthand syntax;0;0;0;0;0;0;0;0;0;0;0;0;0;0;0;0;0;0;0;0;0;0
true division;true division;true division;0;0;0;0;0;0;0;0;0;0;0;0;0;0;0;0;0;0;0;0;0;0
object instance;object instance;object instance;0;0;0;0;0;0;0;0;0;0;0;0;0;0;0;0;0;0;0;0;0;0
syntax error;syntax error;syntax errors, syntax error;8;1;0;0;0;0;0;0;0;0;0;0;0;0;0;0;0;0;0;0;5;0
argument;argument;arguments, argument;0;0;25;4;8;7;4;7;2;6;9;7;6;17;4;2;7;1;1;2;2;0
generalization;generalization;generalization;0;0;0;0;0;5;0;0;0;0;0;0;1;0;0;0;0;0;0;0;0;0
ancestor method;ancestor method;ancestor method;0;0;0;0;0;0;0;0;0;0;0;0;0;0;0;0;0;0;0;0;0;0
period specify;period specify;period specifies, period specify;0;0;0;0;0;0;0;0;0;0;0;0;0;0;0;0;0;0;0;0;0;0
increment;increment;increment;0;0;0;0;0;0;2;0;1;1;0;0;6;4;0;0;0;0;0;0;0;0
individual attribute;individual attribute;individual attributes, individual attribute;0;0;0;0;0;0;0;0;0;0;0;0;0;0;0;0;0;0;0;0;0;0
compile-time error;compile-time error;compile-time error;0;0;0;0;0;0;0;0;0;0;0;0;0;0;0;0;0;0;0;0;0;0
knowledge base;knowledge base;knowledge base;0;0;0;0;0;0;0;0;0;0;0;0;0;0;0;0;0;0;0;1;0;0
text datum;text datum;text data, text datum;0;0;0;0;0;0;0;0;0;0;0;0;0;0;0;0;0;0;0;0;0;0
invalid index;invalid index;invalid index;0;0;0;0;0;0;0;0;0;0;0;0;0;0;0;0;0;0;0;0;0;0
mutable object;mutable object;mutable objects, mutable object;0;0;0;0;0;0;0;1;0;0;0;0;0;0;0;0;0;0;0;1;0;0
class name;class name;class name;0;0;0;0;0;0;0;0;0;0;0;0;0;0;0;0;0;0;0;0;0;0
multiple assignment;multiple assignment;multiple assignment;0;0;0;0;0;5;0;0;0;0;0;0;0;0;0;0;0;0;0;0;0;0
minion hosts;minion hosts;minion hosts;0;0;0;0;0;0;0;0;0;0;0;0;0;0;0;0;0;0;0;0;0;0
note;note;note;0;3;0;0;0;0;0;0;0;0;0;1;0;0;0;0;0;1;0;0;0;0
instance;instance;instance;0;0;0;0;0;0;0;0;0;0;0;12;0;2;3;2;0;0;0;0;0;0
invoking method;invoking method;invoking method;0;0;0;0;0;0;0;0;0;0;0;0;0;0;0;0;0;0;0;0;0;0
re module;re module;re module;0;0;0;0;0;0;0;0;0;0;0;0;0;0;0;0;0;0;0;0;0;0
object-oriented programming;object-oriented programming;object-oriented programming;0;0;0;0;0;0;0;0;0;0;0;0;0;8;0;1;0;0;0;0;0;0
dealing card;dealing card;dealing cards, dealing card;0;0;0;0;0;0;0;0;0;0;0;0;0;0;1;1;0;0;0;0;0;0
performance;performance;performance;0;0;0;0;0;0;0;0;0;0;0;0;0;0;0;0;0;0;5;0;0;0
python project;python project;python project;0;0;0;0;0;0;0;0;0;0;0;0;0;0;0;0;0;0;0;0;0;0
aliasing;aliasing;aliasing;0;0;0;0;0;0;0;2;0;2;0;2;0;0;0;0;0;0;0;0;0;0
soap;soap;soap;0;0;0;0;0;0;0;0;0;0;0;0;0;0;0;0;0;0;0;0;0;0
slice indice;slice indice;slice indices, slice indice;0;0;0;0;0;0;0;0;0;0;0;0;0;0;0;0;0;0;0;0;0;0
literalness;literalness;literalness;1;0;0;0;0;0;0;0;0;0;0;0;0;0;0;0;0;0;0;0;0;0
application key;application key;application key;0;0;0;0;0;0;0;0;0;0;0;0;0;0;0;0;0;0;0;0;0;0
computational pattern;computational pattern;computational pattern;0;0;0;0;0;0;0;0;2;0;0;0;0;0;0;0;0;0;0;0;0;0
conditional statement;conditional statement;conditional statement;0;0;0;8;1;0;0;0;0;0;0;0;0;0;0;0;0;0;0;0;0;0
denominator;denominator;denominator;0;1;1;0;0;0;0;0;0;0;0;0;0;0;0;0;0;0;0;0;0;28
frabjuou;frabjuou;frabjuous, frabjuou;0;0;0;0;0;0;0;0;0;0;0;0;0;0;0;0;0;0;0;0;0;0
python style;python style;python style;0;0;0;0;0;0;0;0;0;0;0;0;0;0;0;0;0;0;0;0;0;0
literal hyphen;literal hyphen;literal hyphen;0;0;0;0;0;0;0;0;0;0;0;0;0;0;0;0;0;0;0;0;0;0
arbitrary argument;arbitrary argument;arbitrary argument;0;0;0;0;0;0;0;0;0;0;0;0;0;0;0;0;0;0;0;0;0;0
regular;regular;regular;0;0;0;0;0;0;0;0;0;0;0;0;0;0;0;0;0;3;0;0;0;0
long flag;long flag;long flags, long flag;0;0;0;0;0;0;0;0;0;0;0;0;0;0;0;0;0;0;0;0;0;0
complete ordering;complete ordering;complete ordering;0;0;0;0;0;0;0;0;0;0;0;0;0;0;0;0;0;0;0;0;0;0
class;class;classes, class;0;4;1;0;0;0;0;0;0;0;0;15;5;27;33;47;15;3;13;1;2;12
persistence layer;persistence layer;persistence layer;0;0;0;0;0;0;0;0;0;0;0;0;0;0;0;0;0;0;0;0;0;0
bug;bug;bug;2;0;0;0;0;0;0;0;0;0;0;0;0;0;0;0;0;0;0;0;7;0
dom;dom;dom;0;0;0;0;0;0;0;0;0;0;0;0;0;0;0;0;0;0;0;0;0;0
url;url;url;0;0;0;0;0;0;0;0;0;0;0;0;0;0;0;0;0;0;0;0;0;0
doc;doc;docs, doc;0;3;0;0;0;0;0;0;0;0;0;0;0;0;0;0;0;0;0;0;0;0
request;request;requests, request;0;0;0;0;0;0;0;0;0;0;0;0;0;0;0;0;0;0;0;0;0;0
list object;list object;list object;0;0;0;0;0;0;0;1;0;0;0;0;0;0;0;0;0;0;0;0;0;0
pure function;pure function;pure functions, pure function;0;0;0;0;0;0;0;0;0;0;0;0;10;0;0;0;0;0;0;0;0;0
valid roman numeral;valid roman numeral;valid roman numeral;0;0;0;0;0;0;0;0;0;0;0;0;0;0;0;0;0;0;0;0;0;0
script;script;script;5;5;0;0;0;0;0;0;0;0;0;0;0;0;0;0;0;0;0;0;0;0
embedded refernece;embedded refernece;embedded refernece;0;0;0;0;0;0;0;0;0;0;0;0;0;0;0;0;0;0;0;0;0;0
else clause;else clause;else clause;0;0;0;0;0;0;0;0;0;0;0;0;0;0;0;0;0;0;0;0;0;0
embedded reference;embedded reference;embedded reference;0;0;0;0;0;0;0;0;0;0;0;0;0;0;0;0;4;0;0;0;0;0
section;section;section;0;1;1;1;2;4;0;3;2;2;0;2;2;6;2;0;1;3;0;2;9;1
argument list;argument list;argument list;0;0;0;0;0;0;0;0;0;0;0;0;0;1;0;0;0;0;0;0;0;0
area code;area code;area code;0;0;0;0;0;0;0;0;0;0;0;0;0;0;0;0;0;0;0;0;0;0
second slouse;second slouse;second slice, second slouse;0;0;0;0;0;0;0;0;0;0;0;0;0;0;0;0;0;0;0;0;0;0
randrange;randrange;randrange;0;0;0;0;0;0;0;0;0;0;0;0;0;0;4;0;0;0;0;0;0;0
operator overloading format;operator overloading format;operator overloading format;0;0;0;0;0;0;0;0;0;0;0;0;0;0;0;0;0;0;0;0;0;0
text;text;text;2;0;0;0;0;1;0;0;0;1;19;0;0;0;0;0;0;0;0;0;1;0
random;random;random;0;0;0;0;0;0;0;0;22;0;0;0;0;0;8;2;0;0;0;0;1;0
string slouse;string slouse;string slice, string slouse;0;0;0;0;0;0;0;0;0;0;0;0;0;0;0;0;0;0;0;0;0;0
base case;base case;base case;0;0;0;4;3;0;0;0;0;0;0;0;0;0;0;0;5;0;0;1;4;0
syntax;syntax;syntax;13;4;5;4;0;0;1;3;1;10;0;4;0;4;0;0;0;0;0;0;9;0
tab size;tab size;tab size;0;0;0;0;0;0;0;0;0;0;0;0;0;0;0;0;0;0;0;0;0;0
control flow;control flow;control flow;0;0;0;0;0;0;0;0;0;0;0;0;0;0;0;0;0;0;0;0;0;0
case check;case check;case checks, case check;0;0;0;0;0;0;0;0;0;0;0;0;0;0;0;0;0;0;0;0;0;0
oldmaidgame;oldmaidgame;oldmaidgame;0;0;0;0;0;0;0;0;0;0;0;0;0;0;0;8;0;0;0;0;0;0
xml;xml;xml;0;0;0;0;0;0;0;0;0;0;0;0;0;0;0;0;0;0;0;0;0;0
non-escaped backslash;non-escaped backslash;non-escaped backslash;0;0;0;0;0;0;0;0;0;0;0;0;0;0;0;0;0;0;0;0;0;0
precedence;precedence;precedence;0;8;0;0;0;0;0;0;0;0;0;0;0;0;0;0;0;0;0;0;2;0
class attribute;class attribute;class attribute;0;0;0;0;0;0;0;0;0;0;0;0;0;0;10;0;0;0;0;0;0;0
grammar file;grammar file;grammar file;0;0;0;0;0;0;0;0;0;0;0;0;0;0;0;0;0;0;0;0;0;0
expression syntax;expression syntax;expression syntax;0;0;0;0;0;0;0;0;0;0;0;0;0;0;0;0;0;0;0;0;0;0
interactive mode;interactive mode;interactive mode;0;0;0;0;0;0;0;0;0;0;0;0;0;0;0;0;0;0;0;0;0;0
testing code;testing code;testing code;0;0;0;0;0;0;0;0;0;0;0;0;0;0;0;0;0;0;0;0;0;0
global namespace;global namespace;global namespace;0;0;0;0;0;0;0;0;0;0;0;0;0;0;0;0;0;0;0;0;0;0
case study;case study;case study;0;0;0;0;0;0;0;0;0;0;0;0;0;0;0;0;0;0;0;0;0;0
formal language;formal language;formal language;16;1;0;0;0;0;0;0;0;0;0;0;0;0;0;0;0;0;0;0;0;0
dict;dict;dict;0;0;0;0;0;0;0;0;0;0;3;0;0;0;0;0;0;0;0;0;0;0
tuple assignment;tuple assignment;tuple assignment;0;0;0;0;0;0;0;0;5;0;0;0;0;0;1;0;0;0;0;0;0;0
ambiguity;ambiguity;ambiguity;4;0;0;0;0;0;1;1;0;0;0;1;0;0;0;0;5;0;0;0;0;0
abstracting input;abstracting input;abstracting input;0;0;0;0;0;0;0;0;0;0;0;0;0;0;0;0;0;0;0;0;0;0
override;override;override;0;0;0;0;0;0;0;0;0;0;0;0;0;5;1;1;0;0;0;0;0;1
test pass;test pas;test passes, test pass;0;0;0;0;0;0;0;0;0;0;0;0;0;0;0;0;0;0;0;0;0;0
default argument;default argument;default arguments, default argument;0;0;0;0;0;0;0;0;0;0;0;0;0;0;0;0;0;0;0;0;0;0
rectangle;rectangle;rectangle;0;0;0;0;0;0;0;0;0;0;0;23;0;2;0;0;0;0;0;0;0;0
using list comprehension;using list comprehension;using list comprehension;0;0;0;0;0;0;0;0;0;0;0;0;0;0;0;0;0;0;0;0;0;0
xml element;xml element;xml elements, xml element;0;0;0;0;0;0;0;0;0;0;0;0;0;0;0;0;0;0;0;0;0;0
invoke;invoke;invoke;0;0;0;0;0;0;0;0;0;1;2;0;0;6;1;0;8;0;1;0;2;1
temporary redirect;temporary redirect;temporary redirects, temporary redirect;0;0;0;0;0;0;0;0;0;0;0;0;0;0;0;0;0;0;0;0;0;0
context manager;context manager;context manager;0;0;0;0;0;0;0;0;0;0;0;0;0;0;0;0;0;0;0;0;0;0
class method;class method;class methods, class method;0;0;0;0;0;0;0;0;0;0;0;0;0;0;0;0;0;0;0;0;0;0
try statement;try statement;try statement;0;0;0;0;0;0;0;0;0;0;0;0;0;0;0;0;0;0;0;0;0;0
shallow equality;shallow equality;shallow equality;0;0;0;0;0;0;0;0;0;0;0;2;0;0;0;0;0;0;0;0;0;1
date checking;date checking;date checking;0;0;0;0;0;0;0;0;0;0;0;0;0;0;0;0;0;0;0;0;0;0
import;import;import;0;1;2;2;1;0;2;1;1;0;2;4;0;1;1;1;0;3;0;1;3;2
mental list;mental list;mental list;0;0;0;0;0;0;0;0;0;0;0;0;0;0;0;0;0;0;0;0;0;0
pseudorandom;pseudorandom;pseudorandom;0;0;0;0;0;0;0;0;2;0;0;0;0;0;0;0;0;0;0;0;0;0
formal parameter;formal parameter;formal parameters, formal parameter;0;0;0;0;0;0;0;0;0;0;0;0;0;0;0;0;0;0;0;0;0;0
compiler;compiler;compiler;3;1;0;0;0;0;0;0;0;0;0;0;0;0;0;0;0;0;0;1;4;0
command-line application;command-line application;command-line applications, command-line application;0;0;0;0;0;0;0;0;0;0;0;0;0;0;0;0;0;0;0;0;0;0
resource;resource;resources, resource;0;0;0;0;0;0;0;0;0;0;0;0;0;0;0;0;0;0;0;0;0;0
keyword;keyword;keyword;0;1;1;0;0;0;0;0;0;0;0;0;0;0;0;0;0;0;0;0;1;0
incremental program development;incremental program development;incremental program development;0;0;0;0;0;0;0;0;0;0;0;0;0;0;0;0;0;0;0;0;0;0
instantiate;instantiate;instantiate;0;0;0;0;0;0;0;0;0;0;0;3;0;1;0;0;0;0;0;0;0;0
command-line processing;command-line processing;command-line processing;0;0;0;0;0;0;0;0;0;0;0;0;0;0;0;0;0;0;0;0;0;0
http layer;http layer;http layer;0;0;0;0;0;0;0;0;0;0;0;0;0;0;0;0;0;0;0;0;0;0
summary;summary;summary;0;0;0;0;0;0;0;0;0;0;0;0;0;0;0;0;0;0;0;0;0;0
remembered group;remembered group;remembered group;0;0;0;0;0;0;0;0;0;0;0;0;0;0;0;0;0;0;0;0;0;0
search result;search result;search results, search result;0;0;0;0;0;0;0;0;0;0;0;0;0;0;0;0;0;0;0;0;0;0
dead code;dead code;dead code;0;0;0;0;2;0;0;0;0;0;0;0;0;0;0;0;0;0;0;0;1;0
empty tree node;empty tree node;empty tree node;0;0;0;0;0;0;0;0;0;0;0;0;0;0;0;0;0;0;0;0;0;0
deep copy;deep copy;deep copy;0;0;0;0;0;0;0;0;0;0;0;2;0;0;0;0;0;0;0;0;0;0
abstract data type;abstract data type;abstract data type;0;0;0;0;0;0;0;0;0;0;0;0;0;0;0;0;0;3;0;0;0;0
traverse;traverse;traverse;0;0;0;0;0;0;3;1;2;0;0;0;0;0;1;3;1;2;2;8;0;0
set;set;sets, set;1;3;1;1;0;1;5;4;0;1;0;0;2;1;5;1;1;12;5;1;1;2
reference;reference;reference;0;0;0;0;1;0;2;5;1;0;1;9;2;0;0;0;19;0;1;6;0;0
redirect statu;redirect statu;redirect status, redirect statu;0;0;0;0;0;0;0;0;0;0;0;0;0;0;0;0;0;0;0;0;0;0
element attribute;element attribute;element attributes, element attribute;0;0;0;0;0;0;0;0;0;0;0;0;0;0;0;0;0;0;0;0;0;0
frame;frame;frame;0;0;3;6;2;0;0;1;0;3;0;0;0;0;0;0;0;0;0;0;0;0
testing;testing;testing;1;0;0;0;4;0;0;0;0;0;0;0;1;0;0;0;0;0;0;0;3;0
module;module;modules, module;0;0;8;1;2;0;9;1;1;0;1;6;0;0;1;1;0;1;0;0;2;0
trick;trick;trick;0;0;0;0;0;0;0;0;0;0;0;0;2;0;0;0;0;0;0;0;0;1
url routing;url routing;url routing;0;0;0;0;0;0;0;0;0;0;0;0;0;0;0;0;0;0;0;0;0;0
single quoted string;single quoted string;single quoted strings, single quoted string;0;0;0;0;0;0;0;0;0;0;0;0;0;0;0;0;0;0;0;0;0;0
non- ascii;non- ascii;non- ascii;0;0;0;0;0;0;0;0;0;0;0;0;0;0;0;0;0;0;0;0;0;0
list equality;list equality;list equality;0;0;0;0;0;0;0;0;0;0;0;0;0;0;0;0;0;0;0;0;0;0
euclid;euclid;euclid;0;0;0;0;0;0;0;0;0;0;0;0;0;0;0;0;0;0;0;0;0;2
polymorphic;polymorphic;polymorphic;0;0;0;0;0;0;0;0;0;0;0;0;0;2;0;0;0;0;0;0;0;0
sameness;sameness;sameness;0;0;0;0;0;0;0;0;0;0;0;2;0;0;0;0;0;0;0;0;0;0
fundamental rule;fundamental rule;fundamental rules, fundamental rule;0;0;0;0;0;0;0;0;0;0;0;0;0;1;0;0;0;0;0;0;0;0
mutable list;mutable list;mutable list;0;0;0;0;0;0;0;0;0;0;0;0;0;0;0;0;0;0;0;0;0;0
alphabetic character;alphabetic character;alphabetic characters, alphabetic character;0;0;0;0;0;0;0;0;0;0;0;0;0;0;0;0;0;0;0;0;0;0
list operator;list operator;list operators, list operator;0;0;0;0;0;0;0;0;0;0;0;0;0;0;0;0;0;0;0;0;0;0
expression tree;expression tree;expression tree;0;0;0;0;0;0;0;0;0;0;0;0;0;0;0;0;0;0;0;10;0;0
pattern;pattern;pattern;0;0;0;0;1;0;3;1;4;0;0;0;0;0;1;0;0;0;0;0;0;0
python web;python web;python web;0;0;0;0;0;0;0;0;0;0;0;0;0;0;0;0;0;0;0;0;0;0
getattr;getattr;getattr;0;0;0;0;0;0;0;0;0;0;0;0;0;0;0;0;0;0;0;0;0;0
error checking;error checking;error checking;0;0;0;0;0;0;0;0;0;0;0;0;0;0;0;0;0;0;0;0;0;0
call graph;call graph;call graph;0;0;0;0;0;0;0;0;0;2;0;0;0;0;0;0;0;0;0;0;0;0
file-like object;file-like object;file-like objects, file-like object;0;0;0;0;0;0;0;0;0;0;0;0;0;0;0;0;0;0;0;0;0;0
call;call;calls, call;0;0;20;14;19;7;1;0;4;10;0;3;3;2;0;0;4;0;1;3;1;0
invariant;invariant;invariant;0;0;0;0;0;0;0;0;0;0;0;0;0;0;0;0;10;0;2;0;0;0
reading;reading;reading;2;1;0;0;0;0;0;0;0;0;7;0;0;0;0;0;0;0;0;1;0;0
inorder;inorder;inorder;0;0;0;0;0;0;0;0;0;0;0;0;0;0;0;0;0;0;0;4;0;0
email;email;email;0;0;0;0;0;0;0;0;0;0;0;0;0;0;0;0;0;0;0;0;0;0
template file;template file;template files, template file;0;0;0;0;0;0;0;0;0;0;0;0;0;0;0;0;0;0;0;0;0;0
source code;source code;source code;2;1;0;0;0;0;0;0;0;0;0;0;0;0;0;0;0;0;0;0;1;0
comparable;comparable;comparable;0;0;0;0;0;0;0;0;0;0;0;0;0;0;1;0;0;0;0;0;0;0
syndicated feed;syndicated feed;syndicated feed;0;0;0;0;0;0;0;0;0;0;0;0;0;0;0;0;0;0;0;0;0;0
special class method;special class method;special class methods, special class method;0;0;0;0;0;0;0;0;0;0;0;0;0;0;0;0;0;0;0;0;0;0
linked queue;linked queue;linked queue;0;0;0;0;0;0;0;0;0;0;0;0;0;0;0;0;0;0;5;0;0;0
list as parameter;list a parameter;list as parameter;0;0;0;0;0;0;0;0;0;0;0;0;0;0;0;0;0;0;0;0;0;0
abecedarian;abecedarian;abecedarian;0;0;0;0;0;0;2;0;0;0;0;0;0;0;0;0;0;0;0;0;0;0
file type;file type;file type;0;0;0;0;0;0;0;0;0;0;0;0;0;0;0;0;0;0;0;0;0;0
comparable fraction;comparable fraction;comparable fraction;0;0;0;0;0;0;0;0;0;0;0;0;0;0;0;0;0;0;0;0;0;0
key;key;key;0;0;0;1;1;0;0;0;1;30;3;0;0;1;0;0;0;0;0;0;1;0
interface;interface;interface;0;0;0;0;0;0;0;0;0;0;0;0;0;0;0;0;0;8;2;0;0;0
raise exception;raise exception;raise exception;0;0;0;0;0;0;0;0;0;0;0;0;0;0;0;0;0;0;0;0;0;0
python standard;python standard;python standard;0;0;0;0;0;0;0;0;0;0;0;0;0;0;0;0;0;0;0;0;0;0
configuration;configuration;configuration;0;0;0;0;0;0;0;0;0;0;0;0;0;0;0;0;0;0;0;0;0;0
encapsulate;encapsulate;encapsulate;0;0;0;0;0;3;1;0;2;0;1;1;0;0;0;0;0;0;0;0;0;0
indexerror;indexerror;indexerror;0;0;0;0;0;0;1;2;0;0;1;0;0;0;0;0;0;0;0;0;1;0
attributeerror;attributeerror;attributeerror;0;0;0;0;0;0;0;0;0;0;0;0;0;1;0;0;0;0;0;0;1;0
installation;installation;installation;0;0;0;0;0;0;0;0;0;0;0;0;0;0;0;0;0;0;0;0;0;0
object invariant;object invariant;object invariant;0;0;0;0;0;0;0;0;0;0;0;0;0;0;0;0;0;0;0;0;0;0
license;license;licenses, license;1;0;0;0;0;0;0;0;0;0;0;0;0;0;0;0;0;0;0;0;0;0
handle exception;handle exception;handle exception;0;0;0;0;0;0;0;0;0;0;0;0;0;0;0;0;0;0;0;0;0;0
compound statement body;compound statement body;compound statement body;0;0;0;0;0;0;0;0;0;0;0;0;0;0;0;0;0;0;0;0;0;0
command list;command list;command lists, command list;0;0;0;0;0;0;0;0;0;0;0;0;0;0;0;0;0;0;0;0;0;0
line of code;line of code;lines of code, line of code;1;0;1;0;1;1;0;0;0;0;0;0;0;0;1;0;0;0;0;0;1;0
roman;roman;roman;0;0;0;0;0;0;0;0;0;0;0;0;0;0;0;0;0;0;0;0;0;0
http web service;http web service;http web services, http web service;0;0;0;0;0;0;0;0;0;0;0;0;0;0;0;0;0;0;0;0;0;0
non-numeric character;non-numeric character;non-numeric characters, non-numeric character;0;0;0;0;0;0;0;0;0;0;0;0;0;0;0;0;0;0;0;0;0;0
binary operator;binary operator;binary operator;0;0;0;0;0;0;0;0;0;0;0;0;0;0;0;0;0;0;0;1;0;1
html processing;html processing;html processing;0;0;0;0;0;0;0;0;0;0;0;0;0;0;0;0;0;0;0;0;0;0
expression;expression;expressions, expression;2;32;14;17;7;2;8;7;3;2;11;5;2;3;6;4;2;15;2;32;11;2
helper method;helper method;helper method;0;0;0;0;0;0;0;0;0;0;0;0;0;0;0;0;1;0;0;0;0;0
generic;generic;generic;0;0;0;0;0;0;0;0;0;0;0;0;0;0;0;0;0;2;0;0;0;0
python class;python class;python classes, python class;0;0;0;0;0;0;0;0;0;0;0;0;0;0;0;0;0;0;0;0;0;0
soap web service;soap web service;soap web services, soap web service;0;0;0;0;0;0;0;0;0;0;0;0;0;0;0;0;0;0;0;0;0;0
simple;simple;simple;3;2;2;1;0;1;0;1;0;0;1;2;1;0;0;0;0;3;1;2;2;1
pop;pop;pop;0;0;0;0;0;0;0;0;0;0;0;0;0;0;3;1;0;13;0;0;0;0
index specify;index specify;index specifies, index specify;0;0;0;0;0;0;0;0;0;0;0;0;0;0;0;0;0;0;0;0;0;0
log file;log file;log file;0;0;0;0;0;0;0;0;0;0;0;0;0;0;0;0;0;0;0;0;0;0
basic fact;basic fact;basic facts, basic fact;0;0;0;0;0;0;0;0;0;0;0;0;0;0;0;0;0;0;0;0;0;0
ascii character;ascii character;ascii characters, ascii character;0;0;0;0;0;0;0;0;0;0;0;0;0;0;0;0;0;0;0;0;0;0
fraction comparison;fraction comparison;fraction comparison;0;0;0;0;0;0;0;0;0;0;0;0;0;0;0;0;0;0;0;0;0;0
linux;linux;linux;3;0;0;0;0;0;0;0;0;0;0;0;0;0;0;0;0;0;0;0;0;0
table;table;table;0;0;1;0;0;23;0;0;0;0;0;0;1;0;0;0;0;0;0;0;0;0
url library;url library;url library;0;0;0;0;0;0;0;0;0;0;0;0;0;0;0;0;0;0;0;0;0;0
xml datum;xml datum;xml data, xml datum;0;0;0;0;0;0;0;0;0;0;0;0;0;0;0;0;0;0;0;0;0;0
single xml;single xml;single xml;0;0;0;0;0;0;0;0;0;0;0;0;0;0;0;0;0;0;0;0;0;0
linkedlist;linkedlist;linkedlist;0;0;0;0;0;0;0;0;0;0;0;0;0;0;0;0;12;0;1;0;0;0
arithmetic sequence;arithmetic sequence;arithmetic sequence;0;0;0;0;0;1;0;0;0;0;0;0;0;0;0;0;0;0;0;0;0;0
python knowledge base;python knowledge base;python knowledge base;0;0;0;0;0;0;0;0;0;0;0;0;0;0;0;0;0;0;0;0;0;0
function call;function call;function calls, function call;0;0;10;1;5;2;0;0;0;1;0;0;1;1;0;0;1;0;1;0;0;0
url opener;url opener;url opener;0;0;0;0;0;0;0;0;0;0;0;0;0;0;0;0;0;0;0;0;0;0
source;source;source;2;1;0;0;0;1;0;0;0;0;0;0;0;0;0;0;0;0;0;0;1;0
last character;last character;last character;0;0;0;0;0;0;3;0;0;0;0;0;0;0;0;0;0;0;0;0;0;0
list element;list element;list elements, list element;0;0;0;0;0;0;0;1;0;0;0;0;0;0;0;0;0;0;0;0;0;0
python object;python object;python objects, python object;0;0;0;0;0;0;0;0;0;0;0;0;0;0;0;0;0;0;0;0;0;0
json;json;json;0;0;0;0;0;0;0;0;0;0;0;0;0;0;0;0;0;0;0;0;0;0
printing list;printing list;printing list;0;0;0;0;0;0;0;0;0;0;0;0;0;0;0;0;0;0;0;0;0;0
math function;math function;math function;0;0;2;0;1;0;0;0;0;0;0;0;0;0;0;0;0;0;0;0;0;0
background process;background process;background processes, background process;0;0;0;0;0;0;0;0;0;0;0;0;0;0;0;0;0;0;0;0;0;0
string comparison;string comparison;string comparison;0;0;0;0;0;0;1;0;0;0;0;0;0;0;0;0;0;0;0;0;0;0
numpy;numpy;numpy;0;0;0;0;0;0;0;0;0;0;0;0;0;0;0;0;0;0;0;0;0;0
xml schema;xml schema;xml schema;0;0;0;0;0;0;0;0;0;0;0;0;0;0;0;0;0;0;0;0;0;0
veneer;veneer;veneer;0;0;0;0;0;0;0;0;0;0;0;0;0;0;0;0;0;4;1;0;0;0
incremental development;incremental development;incremental development;0;0;0;0;6;0;0;0;0;0;0;0;1;0;0;0;0;0;0;0;0;0
open source;open source;open source;0;0;0;0;0;0;0;0;0;0;0;0;0;0;0;0;0;0;0;0;0;0
normal method;normal method;normal methods, normal method;0;0;0;0;0;0;0;0;0;0;0;0;0;0;0;0;0;0;0;0;0;0
verbose regular expression;verbose regular expression;verbose regular expression;0;0;0;0;0;0;0;0;0;0;0;0;0;0;0;0;0;0;0;0;0;0
single statement;single statement;single statement;0;0;1;0;0;0;0;0;0;0;0;0;0;0;0;0;0;0;0;0;0;0
tuple as return value;tuple a return value;tuple as return value;0;0;0;0;0;0;0;0;0;0;0;0;0;0;0;0;0;0;0;0;0;0
partial pathname;partial pathname;partial pathname;0;0;0;0;0;0;0;0;0;0;0;0;0;0;0;0;0;0;0;0;0;0
list traversal;list traversal;list traversal;0;0;0;0;0;0;0;2;0;0;0;0;0;0;0;0;0;0;0;0;0;0
overloading;overloading;overloading;0;0;0;0;0;0;0;0;0;0;0;0;0;4;0;0;0;0;0;0;0;0
supports python;support python;supports python;0;0;0;0;0;0;0;0;0;0;0;0;0;0;0;0;0;0;0;0;0;0
list operation;list operation;list operation;0;0;0;0;0;0;0;1;0;0;0;0;0;0;0;0;2;1;1;0;0;0
python programming module;python programming module;python programming modules, python programming module;0;0;0;0;0;0;0;0;0;0;0;0;0;0;0;0;0;0;0;0;0;0
encapsulation;encapsulation;encapsulation;0;0;0;0;0;5;0;0;0;0;0;0;0;0;0;0;0;0;0;0;0;0
operator overloading;operator overloading;operator overloading;0;0;0;0;0;0;0;0;0;0;0;0;0;4;0;0;0;0;0;0;0;0
case;case;cases, case;2;6;2;6;7;3;2;4;2;4;3;3;10;4;0;2;7;2;3;2;8;2
floating-point;floating-point;floating-point;0;5;6;0;2;1;0;0;2;0;3;3;0;1;0;0;0;0;0;0;0;0
exception;exception;exceptions, exception;2;0;0;0;0;0;0;0;0;0;18;0;0;0;0;0;0;0;1;2;2;0
handling;handling;handling;0;0;0;0;0;0;0;0;0;0;0;0;0;0;0;0;0;0;0;1;0;0
external;external;external;0;0;0;0;0;0;0;0;0;0;0;0;0;0;0;0;0;0;1;0;0;0
current directory;current directory;current directory;0;0;0;0;0;0;0;0;0;0;2;0;0;0;0;0;0;0;0;0;0;0
built-in file;built-in file;built-in file;0;0;0;0;0;0;0;0;0;0;0;0;0;0;0;0;0;0;0;0;0;0
program development;program development;program development;1;0;0;0;3;0;0;0;1;0;0;0;1;0;0;0;0;0;0;0;0;0
nested loop;nested loop;nested loop;0;0;0;0;0;0;0;0;0;0;0;0;0;0;1;0;0;0;0;0;0;0
cursor;cursor;cursor;0;0;0;0;0;6;2;0;0;0;0;0;0;0;0;0;0;0;0;0;0;0
accumulator;accumulator;accumulator;0;0;0;0;0;0;0;0;0;0;0;0;0;0;2;1;0;0;0;0;0;0
pass statement;pas statement;pass statement;0;0;0;0;0;0;0;0;0;0;0;0;0;0;0;0;0;0;0;0;0;0
formatting;formatting;formatting;0;0;0;0;0;0;0;0;0;0;0;0;0;0;0;0;0;0;0;0;0;0
capture group;capture group;capture groups, capture group;0;0;0;0;0;0;0;0;0;0;0;0;0;0;0;0;0;0;0;0;0;0
nested structure;nested structure;nested structure;0;0;0;0;0;0;0;0;0;0;0;0;0;0;1;0;0;0;0;0;0;0
error;error;errors, error;40;5;8;9;8;6;7;5;6;6;14;3;5;4;2;3;4;3;2;6;40;2
string operation;string operation;string operation;0;0;0;0;0;0;0;0;0;0;0;0;0;0;0;0;0;0;0;0;0;0
guide;guide;guide;1;0;0;0;0;0;0;0;0;0;0;0;0;0;0;0;0;0;0;0;0;0
recursive function;recursive function;recursive function;0;0;0;4;0;1;0;0;0;0;0;0;0;0;0;0;0;0;0;0;1;0
dot product;dot product;dot product;0;0;0;0;0;0;0;0;0;0;0;0;0;3;0;0;0;0;0;0;0;0
layer;layer;layer;0;0;0;0;0;0;0;0;0;0;0;0;0;0;0;0;0;0;0;0;0;0
character classification;character classification;character classification;0;0;0;0;0;0;1;0;0;0;0;0;0;0;0;0;0;0;0;0;0;0
leaf node;leaf node;leaf node;0;0;0;0;0;0;0;0;0;0;0;0;0;0;0;0;0;0;0;4;0;0
parse;parse;parse;3;1;0;0;0;0;0;0;0;0;0;0;0;0;0;0;0;1;0;3;0;0
python programming database;python programming database;python programming databases, python programming database;0;0;0;0;0;0;0;0;0;0;0;0;0;0;0;0;0;0;0;0;0;0
deep equality;deep equality;deep equality;0;0;0;0;0;0;0;0;0;0;0;3;0;0;2;0;0;0;0;0;0;1
prose;prose;prose;1;0;0;0;0;0;0;0;0;0;0;0;0;0;0;0;0;0;0;0;0;0
priority queueing;priority queueing;priority queueing;0;0;0;0;0;0;0;0;0;0;0;0;0;0;0;0;0;0;2;0;0;0
node class;node class;node class;0;0;0;0;0;0;0;0;0;0;0;0;0;0;0;0;0;0;0;0;0;0
finditer function;finditer function;finditer function;0;0;0;0;0;0;0;0;0;0;0;0;0;0;0;0;0;0;0;0;0;0
same name;same name;same name;0;0;0;0;0;3;0;0;0;0;0;0;0;1;0;0;0;0;0;0;0;0
list deletion;list deletion;list deletion;0;0;0;0;0;0;0;1;0;0;0;0;0;0;0;0;0;0;0;0;0;0
right syntax;right syntax;right syntax;0;0;0;0;0;0;0;0;0;0;0;0;0;0;0;0;0;0;0;0;0;0
long integer division;long integer division;long integer division;0;0;0;0;0;0;0;0;0;0;0;0;0;0;0;0;0;0;0;0;0;0
recursion;recursion;recursion;0;0;0;14;4;3;0;0;0;0;0;0;0;0;0;0;1;1;0;0;11;0
poetry;poetry;poetry;4;0;0;0;0;0;0;0;0;0;0;0;0;0;0;0;0;0;0;0;0;0
input test;input test;input tests, input test;0;0;0;0;0;0;0;0;0;0;0;0;0;0;0;0;0;0;0;0;0;0
short flag;short flag;short flags, short flag;0;0;0;0;0;0;0;0;0;0;0;0;0;0;0;0;0;0;0;0;0;0
html;html;html;2;2;2;2;2;2;2;2;2;2;2;2;2;2;2;2;2;2;2;2;2;2
service url;service url;service url;0;0;0;0;0;0;0;0;0;0;0;0;0;0;0;0;0;0;0;0;0;0
copying;copying;copying;0;0;0;0;0;0;0;1;3;1;0;3;0;0;0;0;0;0;0;0;1;0
document;document;document;3;3;2;2;2;2;2;2;2;2;2;2;2;2;2;2;3;2;2;2;2;2
composition;composition;composition;0;2;1;0;1;0;0;0;0;0;0;0;0;0;1;0;0;0;0;0;0;0
same time;same time;same time;0;2;0;1;0;0;0;0;0;0;0;0;0;0;0;0;0;1;0;0;1;0
list parameter;list parameter;list parameter;0;0;0;0;0;0;0;2;0;0;0;0;0;0;0;0;0;0;0;0;0;0
development plan;development plan;development plan;0;0;0;0;1;3;0;0;2;0;0;0;0;0;0;0;0;0;0;0;0;0
assignment;assignment;assignment;0;10;0;1;0;13;2;4;10;2;0;2;0;1;2;0;1;0;0;0;1;1
function object;function object;function object;0;0;0;0;0;0;0;0;0;0;0;0;0;0;0;0;0;0;0;0;0;0
web server;web server;web servers, web server;0;0;0;0;0;0;0;0;0;0;0;0;0;0;0;0;0;0;0;0;0;0
linear time;linear time;linear time;0;0;0;0;0;0;0;0;0;0;0;0;0;0;0;0;0;0;2;0;0;0
roman numeral representation;roman numeral representation;roman numeral representation;0;0;0;0;0;0;0;0;0;0;0;0;0;0;0;0;0;0;0;0;0;0
oldmaidhand;oldmaidhand;oldmaidhand;0;0;0;0;0;0;0;0;0;0;0;0;0;0;0;6;0;0;0;0;0;0
key-value pair;key-value pair;key-value pair;0;0;0;0;0;0;0;0;0;10;0;0;0;0;0;0;0;0;0;0;0;0
soap server;soap server;soap server;0;0;0;0;0;0;0;0;0;0;0;0;0;0;0;0;0;0;0;0;0;0
stack;stack;stack;0;0;9;8;2;1;0;0;0;0;0;0;0;0;0;0;0;48;0;0;0;0
identity;identity;identity;0;0;0;0;0;0;0;0;0;0;0;0;0;0;0;0;0;0;0;0;0;0
python library reference;python library reference;python library reference;0;0;0;0;0;0;1;0;0;0;0;0;0;0;0;0;0;0;0;0;0;0
logical operator;logical operator;logical operator;0;0;0;5;0;0;0;0;0;0;0;0;0;0;0;0;0;0;0;0;0;0
conditional execution;conditional execution;conditional execution;1;0;0;1;0;0;0;0;0;0;0;0;0;0;0;0;0;0;0;0;0;0
memory usage;memory usage;memory usage;0;0;0;0;0;0;0;0;0;0;0;0;0;0;0;0;0;0;0;0;0;0
try;try;try;2;1;3;0;2;0;2;1;1;3;7;0;2;3;0;0;0;0;0;1;5;0
Queue ADT;queue adt;Queue ADT;0;0;0;0;0;0;0;0;0;0;0;0;0;0;0;0;0;0;10;0;0;0
conditional expression;conditional expression;conditional expressions, conditional expression;0;0;0;0;0;0;0;0;0;0;0;0;0;0;0;0;0;0;0;0;0;0
greatest common divisor;greatest common divisor;greatest common divisor;0;0;0;0;0;0;0;0;0;0;0;0;0;0;0;0;0;0;0;0;0;2
client;client;client;0;0;0;0;0;0;0;0;0;0;0;0;0;0;0;0;0;7;0;0;0;0
command;command;command;5;3;2;0;1;0;0;0;0;0;1;0;0;0;1;0;0;0;0;0;0;1
deck object;deck object;deck object;0;0;0;0;0;0;0;0;0;0;0;0;0;0;0;0;0;0;0;0;0;0
override function;override function;override functions, override function;0;0;0;0;0;0;0;0;0;0;0;0;0;0;0;0;0;0;0;0;0;0
default value;default value;default values, default value;0;0;0;0;0;0;0;0;0;0;0;0;0;5;1;1;0;0;0;1;0;0
python exception;python exception;python exception;0;0;0;0;0;0;0;0;0;0;0;0;0;0;0;0;0;0;0;0;0;0
comment;comment;comments, comment;0;6;0;0;0;0;0;0;0;0;0;0;0;0;0;0;1;0;0;0;1;0
integer directory;integer directory;integer directory;0;0;0;0;0;0;0;0;0;0;0;0;0;0;0;0;0;0;0;0;0;0
unary negation;unary negation;unary negation;0;0;0;0;0;0;0;0;0;0;0;0;0;0;0;0;0;0;0;0;0;2
entire xml;entire xml;entire xml;0;0;0;0;0;0;0;0;0;0;0;0;0;0;0;0;0;0;0;0;0;0
point class;point class;point class;0;0;0;0;0;0;0;0;0;0;0;0;0;0;0;0;0;0;0;0;0;0
manipulation;manipulation;manipulation;0;0;0;0;0;0;0;0;0;0;0;0;0;0;0;0;0;0;0;0;0;0
developer kit;developer kit;developer kit;0;0;0;0;0;0;0;0;0;0;0;0;0;0;0;0;0;0;0;0;0;0
ascii string;ascii string;ascii string;0;0;0;0;0;0;0;0;0;0;0;0;0;0;0;0;0;0;0;0;0;0
conditional branching;conditional branching;conditional branching;0;0;0;0;0;0;0;0;0;0;0;0;0;0;0;0;0;0;0;0;0;0
setting item;setting item;setting items, setting item;0;0;0;0;0;0;0;0;0;0;0;0;0;0;0;0;0;0;0;0;0;0
web;web;web;0;0;0;0;0;0;0;0;0;0;0;0;0;0;0;0;0;0;0;0;0;0
ADT;adt;ADT;0;0;0;0;0;0;0;0;0;0;0;0;0;0;0;0;0;22;12;0;0;0
import statement;import statement;import statements, import statement;0;0;0;0;0;0;0;0;0;0;0;0;0;0;0;0;0;0;0;0;0;0
arthur conan doyle;arthur conan doyle;arthur conan doyle;0;0;0;0;0;0;0;0;0;0;0;0;0;0;0;0;0;0;0;0;0;0
hint;hint;hint;0;0;1;0;0;0;0;0;0;3;0;0;0;0;0;0;0;0;0;0;0;0
method initialization;method initialization;method initialization;0;0;0;0;0;0;0;0;0;0;0;0;0;0;0;0;0;0;0;0;0;0
state diagram;state diagram;state diagram;0;2;1;0;0;1;0;4;1;0;0;2;1;0;0;0;3;0;0;1;0;0
standard error;standard error;standard error;0;0;0;0;0;0;0;0;0;0;0;0;0;0;0;0;0;0;0;0;0;0
character;character;characters, character;0;3;1;1;0;13;35;5;2;0;16;0;0;1;0;0;0;6;0;4;1;0
safe language;safe language;safe language;0;0;0;0;0;0;0;0;0;0;0;0;0;0;0;0;0;0;0;0;0;0
working directory;working directory;working directory;0;0;0;0;0;0;0;0;0;0;0;0;0;0;0;0;0;0;0;0;0;0
ancestor class;ancestor class;ancestor class;0;0;0;0;0;0;0;0;0;0;0;0;0;0;0;0;0;0;0;0;0;0
status code;status code;status code;0;0;0;0;0;0;0;0;0;0;0;0;0;0;0;0;0;0;0;0;0;0
shallow copy;shallow copy;shallow copy;0;0;0;0;0;0;0;0;0;0;0;1;0;0;0;0;0;0;0;0;0;0
input;input;input;1;0;0;11;2;0;0;0;0;0;4;0;1;0;0;0;0;1;0;2;3;0
named argument;named argument;named arguments, named argument;0;0;0;0;0;0;0;0;0;0;0;0;0;0;0;0;0;0;0;0;0;0
match;match;matches, match;0;0;0;0;0;0;0;0;0;0;2;1;0;0;0;33;0;0;0;1;1;0
child node;child node;child node;0;0;0;0;0;0;0;0;0;0;0;0;0;0;0;0;0;0;0;1;0;0
same object;same object;same object;0;0;0;0;0;0;0;5;0;2;0;6;0;0;0;0;0;0;0;1;0;1
grains system;grain system;grains system;0;0;0;0;0;0;0;0;0;0;0;0;0;0;0;0;0;0;0;0;0;0
comparable string;comparable string;comparable string;0;0;0;0;0;0;0;0;0;0;0;0;0;0;0;0;0;0;0;0;0;0
command-line flag;command-line flag;command-line flags, command-line flag;0;0;0;0;0;0;0;0;0;0;0;0;0;0;0;0;0;0;0;0;0;0
good idea;good idea;good idea;1;1;0;4;1;0;0;1;1;0;0;0;0;0;1;0;1;0;0;1;2;0
boolean expression;boolean expression;boolean expression;0;0;0;10;1;0;0;0;0;0;0;0;0;0;0;0;0;0;0;0;0;0
sherlock holme;sherlock holme;sherlock holmes, sherlock holme;0;0;0;0;0;0;0;0;0;0;0;0;0;0;0;0;0;0;0;0;0;0
valid roman;valid roman;valid roman;0;0;0;0;0;0;0;0;0;0;0;0;0;0;0;0;0;0;0;0;0;0
polymorphism;polymorphism;polymorphism;0;0;0;0;0;0;0;0;0;0;0;0;0;3;0;0;0;0;0;0;0;0
different part;different part;different parts, different part;0;0;0;0;0;0;0;0;0;0;0;0;0;0;0;0;0;0;0;0;0;0
integer;integer;integer;0;25;8;7;6;1;1;8;6;14;4;0;2;1;8;0;1;2;1;1;1;12
list concatenation;list concatenation;list concatenation;0;0;0;0;0;0;0;0;0;0;0;0;0;0;0;0;0;0;0;0;0;0
human-readable part;human-readable part;human-readable part;0;0;0;0;0;0;0;0;0;0;0;0;0;0;0;0;0;0;0;0;0;0
command prompt;command prompt;command prompt;0;0;0;0;0;0;0;0;0;0;0;0;0;0;0;0;0;0;0;0;0;0
string;string;strings, string;0;28;7;4;0;6;61;26;6;6;26;1;0;4;12;4;2;15;2;3;9;0
intel;intel;intel;1;0;0;0;0;1;0;0;0;0;0;0;0;0;0;0;0;0;0;0;0;0
long integer;long integer;long integers, long integer;0;0;0;0;0;0;0;0;0;4;0;0;0;0;0;0;0;0;0;0;0;0
split function;split function;split function;0;0;0;0;0;0;0;0;0;0;0;0;0;0;0;0;0;0;0;0;0;0
built-in function;built-in function;built-in function;0;0;3;1;3;0;1;0;1;0;0;0;0;1;0;0;0;0;0;0;0;0
pickling;pickling;pickling;0;0;0;0;0;0;0;0;0;0;2;0;0;0;0;0;0;0;0;0;0;0
alan turing;alan turing;alan turing;0;0;0;0;1;0;0;0;0;0;0;0;0;0;0;0;0;0;0;0;0;0
your project;your project;your project;0;0;0;0;0;0;0;0;0;0;0;0;0;0;0;0;0;0;0;0;0;0
type conversion;type conversion;type conversion;0;0;4;0;0;0;0;0;0;0;0;0;0;0;0;0;0;0;0;0;0;0
big and hairy expression;big and hairy expression;big and hairy expression;0;0;0;0;0;0;0;0;0;0;0;0;0;0;0;0;0;0;0;0;0;0
index;index;index;0;0;0;0;0;0;33;23;9;9;1;0;0;10;4;1;0;0;2;0;3;0
loop;loop;loops, loop;0;0;0;0;0;36;13;18;8;0;11;0;1;0;10;3;5;0;2;3;15;0
for loop;for loop;for loop;0;0;0;0;0;0;0;0;0;0;0;0;0;0;0;0;0;0;0;0;0;0
mode;mode;mode;3;0;0;0;0;0;0;0;0;0;5;0;0;0;0;0;0;0;0;0;0;0
output buffer;output buffer;output buffer;0;0;0;0;0;0;0;0;0;0;0;0;0;0;0;0;0;0;0;0;0;0
url handler;url handler;url handler;0;0;0;0;0;0;0;0;0;0;0;0;0;0;0;0;0;0;0;0;0;0
python code;python code;python code;0;0;0;0;0;0;0;0;0;0;0;0;0;0;0;0;0;0;0;0;0;0
processing instruction;processing instruction;processing instruction;0;0;0;0;0;0;0;0;0;0;0;0;0;0;0;0;0;0;0;0;0;0
comprehension support;comprehension support;comprehension supports, comprehension support;0;0;0;0;0;0;0;0;0;0;0;0;0;0;0;0;0;0;0;0;0;0
assignment statement;assignment statement;assignment statement;0;6;0;0;0;1;0;1;2;0;0;0;0;0;0;0;0;0;0;0;0;0
sequence;sequence;sequence;2;1;2;1;1;14;0;6;3;0;11;0;0;1;2;0;1;0;0;0;0;0
multiple value;multiple value;multiple values, multiple value;0;0;0;0;0;0;0;0;0;0;0;0;0;0;0;0;0;0;0;0;0;0
generic data structure;generic data structure;generic data structure;0;0;0;0;0;0;0;0;0;0;0;0;0;0;0;0;0;2;0;0;0;0
extra processing;extra processing;extra processing;1;0;0;0;0;0;0;0;0;0;0;0;0;0;0;0;0;0;0;0;0;0
library;library;libraries, library;0;0;0;0;0;0;1;0;0;0;0;0;0;0;0;0;0;1;0;0;0;0
type coercion;type coercion;type coercion;0;0;3;0;0;0;0;0;0;0;0;0;0;0;0;0;0;0;0;0;0;0
same way;same way;same way;0;0;0;0;0;0;1;0;0;0;0;0;1;0;0;0;0;0;0;0;0;0
multiple fraction assignment;multiple fraction assignment;multiple fraction assignment;0;0;0;0;0;0;0;0;0;0;0;0;0;0;0;0;0;0;0;0;0;0
default method;default method;default method;0;0;0;0;0;0;0;0;0;0;0;0;0;1;0;0;0;0;0;0;0;0
server;server;servers, server;0;0;0;0;0;0;0;0;0;0;0;0;0;0;0;0;0;0;0;0;0;0
program control;program control;program control;0;0;0;0;0;0;0;0;0;0;0;0;0;0;0;0;0;0;0;0;0;0
function composition;function composition;function composition;0;0;0;0;0;0;0;0;0;0;0;0;0;0;0;0;0;0;0;0;0;0
soap web;soap web;soap web;0;0;0;0;0;0;0;0;0;0;0;0;0;0;0;0;0;0;0;0;0;0
pesky background;pesky background;pesky background;0;0;0;0;0;0;0;0;0;0;0;0;0;0;0;0;0;0;0;0;0;0
abstract class;abstract class;abstract class;0;0;0;0;0;0;0;0;0;0;0;0;0;0;0;0;0;0;0;0;0;0
same datum;same datum;same data, same datum;0;0;0;0;0;0;0;0;0;0;0;0;0;0;0;0;0;0;0;0;0;0
integration;integration;integration;0;0;0;0;0;0;0;0;0;0;0;0;0;0;0;0;0;0;0;0;0;0
subclass;subclass;subclass;0;0;0;0;0;0;0;0;0;0;0;0;0;0;0;5;0;0;0;0;0;0
real file;real file;real files, real file;0;0;0;0;0;0;0;0;0;0;0;0;0;0;0;0;0;0;0;0;0;0
everything;everything;everything;0;1;0;0;0;0;0;0;0;0;0;0;0;0;0;1;0;0;0;1;0;0
underlying http;underlying http;underlying http;0;0;0;0;0;0;0;0;0;0;0;0;0;0;0;0;0;0;0;0;0;0
turing thesi;turing thesi;turing thesis, turing thesi;0;0;0;0;0;0;0;0;0;0;0;0;0;0;0;0;0;0;0;0;0;0
provider;provider;provider;0;0;0;0;0;0;0;0;0;0;0;0;0;0;0;0;0;5;0;0;0;0
standard output;standard output;standard output;0;0;0;0;0;0;0;0;0;0;0;0;0;0;0;0;0;0;0;0;0;0
scientific python;scientific python;scientific python;0;0;0;0;0;0;0;0;0;0;0;0;0;0;0;0;0;0;0;0;0;0
hello world;hello world;hello world;0;0;0;0;0;0;0;0;0;0;0;0;0;0;0;0;0;0;0;0;0;0
child class;child class;child class;0;0;0;0;0;0;0;0;0;0;0;0;0;0;0;2;0;0;0;0;0;0
programming language;programming language;programming languages, programming language;7;2;1;0;1;1;0;0;0;0;0;0;1;1;0;0;0;1;0;0;0;1
incremental development plan;incremental development plan;incremental development plan;0;0;0;0;0;0;0;0;0;0;0;0;0;0;0;0;0;0;0;0;0;0
target dictionary;target dictionary;target dictionary;0;0;0;0;0;0;0;0;0;0;0;0;0;0;0;0;0;0;0;0;0;0
object;object;objects, object;3;0;0;0;0;0;1;20;1;6;5;49;17;39;24;6;20;3;5;3;1;7
run;run;run;8;1;4;2;2;0;0;0;2;2;0;0;0;0;0;0;0;0;1;1;13;0
run command;run command;run command;0;0;0;0;0;0;0;0;0;0;0;0;0;0;0;0;0;0;0;0;0;0
local bin;local bin;local bin;0;0;0;0;0;0;0;0;0;0;0;0;0;0;0;0;0;0;0;0;0;0
except statement;except statement;except statement;0;0;0;0;0;0;0;0;0;0;0;0;0;0;0;0;0;0;0;0;0;0
tree;tree;tree;0;0;0;0;0;0;0;0;0;0;0;0;0;0;0;0;0;0;0;154;0;0
instantiation;instantiation;instantiation;0;0;0;0;0;0;0;0;0;0;0;1;0;0;0;0;0;0;0;0;0;0
current working;current working;current working;0;0;0;0;0;0;0;0;0;0;0;0;0;0;0;0;0;0;0;0;0;0
print usage;print usage;print usage;0;0;0;0;0;0;0;0;0;0;0;0;0;0;0;0;0;0;0;0;0;0
linked list;linked list;linked list;0;0;0;0;0;0;0;0;0;0;0;0;0;0;0;0;10;0;2;3;0;0
uppercase input;uppercase input;uppercase input;0;0;0;0;0;0;0;0;0;0;0;0;0;0;0;0;0;0;0;0;0;0
arbitrary header;arbitrary header;arbitrary headers, arbitrary header;0;0;0;0;0;0;0;0;0;0;0;0;0;0;0;0;0;0;0;0;0;0
output;output;output;3;4;3;12;4;14;4;0;1;1;1;2;1;0;0;1;1;1;0;3;8;0
method dictionary;method dictionary;method dictionary;0;0;0;0;0;0;0;0;0;0;0;0;0;0;0;0;0;0;0;0;0;0
__name__;__name__;__name__;0;0;0;0;0;0;0;0;0;0;0;0;0;0;0;0;0;0;0;0;0;0
string length;string length;string length;0;0;0;0;0;0;0;0;0;0;0;0;0;0;0;0;0;0;0;0;0;0
stage;stage;stage;0;0;0;0;2;0;0;0;0;0;0;0;0;0;0;0;0;0;0;0;0;0
chapter;chapter;chapter;4;2;3;2;2;2;1;1;1;2;1;1;2;4;3;2;1;4;2;3;0;0
removing card;removing card;removing cards, removing card;0;0;0;0;0;0;0;0;0;0;0;0;0;0;0;3;0;0;0;0;0;0
install;install;install;0;0;0;0;0;0;0;0;0;0;0;0;0;0;0;0;0;0;0;0;0;0
extension;extension;extensions, extension;0;0;0;0;0;0;0;0;0;0;0;0;0;0;0;0;0;0;0;0;0;1
object code;object code;object code;3;0;0;0;0;0;0;0;0;0;0;0;0;0;0;0;0;0;0;0;0;0
column;column;column;0;0;0;0;0;9;0;2;0;1;1;0;6;0;0;0;0;0;1;0;0;0
last item;last item;last item;0;0;0;0;0;0;0;0;0;0;0;0;0;0;0;1;0;2;0;0;0;0
test suite;test suite;test suite;0;0;0;0;0;0;0;0;0;0;0;0;0;0;0;0;0;0;0;0;0;0
numerator;numerator;numerator;0;1;0;0;0;0;0;0;0;0;0;0;0;0;0;0;0;0;0;0;0;27
factorial function;factorial function;factorial function;0;0;0;0;0;0;0;0;0;0;0;0;0;0;0;0;0;0;0;0;0;0
error message;error message;error messages, error message;4;1;1;2;1;0;0;0;1;1;4;0;0;1;0;0;0;1;0;1;5;0
numeric character;numeric character;numeric characters, numeric character;0;0;0;0;0;0;0;0;0;0;0;0;0;0;0;0;0;0;0;0;0;0
parsing xml;parsing xml;parsing xml;0;0;0;0;0;0;0;0;0;0;0;0;0;0;0;0;0;0;0;0;0;0
current working directory;current working directory;current working directory;0;0;0;0;0;0;0;0;0;0;0;0;0;0;0;0;0;0;0;0;0;0
loop body;loop body;loop body;0;0;0;0;0;0;0;0;0;0;0;0;0;0;0;0;0;0;0;0;0;0
constructor;constructor;constructor;0;0;0;0;0;0;0;0;0;0;0;2;0;1;1;1;0;0;0;2;0;0
return statement;return statement;return statement;0;0;0;0;4;0;0;0;0;0;0;0;0;0;0;0;0;0;0;0;0;0
os;os;os;21;16;24;15;16;10;6;6;11;21;19;8;6;13;11;14;5;20;8;23;20;9
code block;code block;code blocks, code block;0;0;0;0;0;0;0;0;0;0;0;0;0;0;0;0;0;0;0;0;0;0
block;block;block;0;1;0;6;0;0;0;0;0;0;2;0;0;0;0;0;0;0;0;0;0;0
software;software;software;0;0;0;0;0;0;0;0;0;0;0;0;0;0;0;0;0;0;0;0;0;0
antecedents test;antecedent test;antecedents test;0;0;0;0;0;0;0;0;0;0;0;0;0;0;0;0;0;0;0;0;0;0
py;py;py;3;0;3;0;0;0;0;0;0;0;0;0;0;0;0;0;0;0;0;0;0;1
eureka traversal;eureka traversal;eureka traversal;0;0;0;0;0;0;0;0;0;0;0;0;0;0;0;0;0;0;0;0;0;0
modifying list;modifying list;modifying lists, modifying list;0;0;0;0;0;0;0;0;0;0;0;0;0;0;0;0;1;0;0;0;0;0
built-in support;built-in support;built-in support;0;0;0;0;0;0;0;0;0;0;0;0;0;0;0;0;0;0;0;0;0;0
image;image;image;0;0;0;0;0;0;0;0;0;0;0;0;0;0;0;0;0;0;0;0;0;0
float;float;float;0;4;8;0;0;0;1;1;0;0;1;0;0;0;0;0;0;0;0;0;0;1
loop traversal;loop traversal;loop traversal;0;0;0;0;0;0;0;0;0;0;0;0;0;0;0;0;0;0;0;0;0;0
equality;equality;equality;0;0;0;0;0;4;0;0;0;0;0;6;0;0;3;0;0;0;0;0;0;2
compound statement header;compound statement header;compound statement header;0;0;0;0;0;0;0;0;0;0;0;0;0;0;0;0;0;0;0;0;0;0
runtime error;runtime error;runtime error;6;0;1;1;0;0;2;2;0;0;1;0;0;0;0;0;0;0;0;0;5;0
immutable string;immutable string;immutable string;0;0;0;0;0;0;0;0;0;0;0;0;0;0;0;0;0;0;0;0;0;0
operator;operator;operator;0;14;1;23;0;0;7;12;2;1;5;2;0;10;4;2;0;12;3;10;0;6
wsdl proxy;wsdl proxy;wsdl proxy;0;0;0;0;0;0;0;0;0;0;0;0;0;0;0;0;0;0;0;0;0;0
fraction multiplication;fraction multiplication;fraction multiplication;0;0;0;0;0;0;0;0;0;0;0;0;0;0;0;0;0;0;0;0;0;1
server send;server send;server sends, server send;0;0;0;0;0;0;0;0;0;0;0;0;0;0;0;0;0;0;0;0;0;0
range check;range check;range check;0;0;0;0;0;0;0;0;0;0;0;0;0;0;0;0;0;0;0;0;0;0
python database api;python database api;python database api;0;0;0;0;0;0;0;0;0;0;0;0;0;0;0;0;0;0;0;0;0;0
class definition;class definition;class definitions, class definition;0;0;0;0;0;0;0;0;0;0;0;3;1;5;4;1;0;1;1;0;0;0
networking;networking;networking;0;0;0;0;0;0;0;0;0;0;0;0;0;0;0;0;0;0;0;0;0;0
compression;compression;compression;0;0;0;0;0;0;0;0;0;0;0;0;0;0;0;0;0;0;0;0;0;0
html version;html version;html version;2;2;2;2;2;2;2;2;2;2;2;2;2;2;2;2;2;2;2;2;2;2
circular buffer;circular buffer;circular buffer;0;0;0;0;0;0;0;0;0;0;0;0;0;0;0;0;0;0;0;0;0;0
dictionary operand;dictionary operand;dictionary operand;0;0;0;0;0;0;0;0;0;0;0;0;0;0;0;0;0;0;0;0;0;0
support;support;supports, support;0;0;0;0;0;0;1;0;1;0;0;0;0;3;0;0;0;0;0;0;0;3
python ide;python ide;python ide;0;0;0;0;0;0;0;0;0;0;0;0;0;0;0;0;0;0;0;0;0;0
base class;base class;base class;0;0;0;0;0;0;0;0;0;0;0;0;0;0;0;0;0;0;0;0;0;0
text editor;text editor;text editor;1;0;0;0;0;0;0;0;0;0;0;0;0;0;0;0;0;0;0;0;0;0
boolean function;boolean function;boolean function;0;0;0;0;3;0;0;0;0;0;0;0;1;0;1;0;0;0;0;0;0;0
fraction;fraction;fraction;0;1;1;0;0;0;0;0;0;0;0;0;0;0;0;0;1;0;0;0;0;68
suit;suit;suit;0;0;0;0;0;0;0;0;0;0;0;0;0;0;30;8;0;0;0;0;0;0
prototype development;prototype development;prototype development;0;0;0;0;0;0;0;0;0;0;0;0;4;0;0;0;0;0;0;0;0;0
map to;map to;map to;0;0;0;0;0;0;0;0;0;2;0;0;0;0;2;0;0;0;0;0;0;0
lambda;lambda;lambda;0;1;0;0;0;0;0;0;0;0;0;0;0;0;0;0;0;0;0;0;0;0
function;function;functions, function;0;0;134;30;70;30;16;10;13;15;8;9;34;31;3;0;20;2;3;10;28;2
current instance;current instance;current instance;0;0;0;0;0;0;0;0;0;0;0;0;0;0;0;0;0;0;0;0;0;0
permanent redirect;permanent redirect;permanent redirect;0;0;0;0;0;0;0;0;0;0;0;0;0;0;0;0;0;0;0;0;0;0
compound statement block;compound statement block;compound statement block;0;0;0;0;0;0;0;0;0;0;0;0;0;0;0;0;0;0;0;0;0;0
keyerror;keyerror;keyerror;0;0;0;0;0;0;0;0;0;1;2;0;0;0;0;0;0;0;0;0;1;0
histogram;histogram;histogram;0;0;0;0;0;0;0;0;4;4;0;0;0;0;0;0;0;0;0;0;0;0
link;link;link;0;0;0;0;0;0;0;0;0;0;0;0;0;0;0;0;5;0;0;1;0;0
scope;scope;scope;0;0;0;0;1;0;0;0;0;0;0;0;0;0;0;0;0;0;0;0;0;0
com api;com api;com apis, com api;0;0;0;0;0;0;0;0;0;0;0;0;0;0;0;0;0;0;0;0;0;0
line;line;line;10;5;23;4;7;13;2;0;0;1;11;2;1;0;2;0;4;0;2;1;9;2
local variable;local variable;local variable;0;0;4;1;1;5;0;0;0;0;0;0;0;0;0;0;0;0;0;0;1;0
true;true;true;0;0;0;15;8;3;0;3;0;3;6;3;1;0;4;0;3;0;0;5;0;2
object-oriented programming language;object-oriented programming language;object-oriented programming language;0;0;0;0;0;0;0;0;0;0;0;0;0;1;0;0;0;0;0;0;0;0
linked implementation;linked implementation;linked implementation;0;0;0;0;0;0;0;0;0;0;0;0;0;0;0;0;0;0;0;0;0;0
wsgi server;wsgi server;wsgi servers, wsgi server;0;0;0;0;0;0;0;0;0;0;0;0;0;0;0;0;0;0;0;0;0;0
method invocation;method invocation;method invocation;0;0;0;0;0;0;0;0;0;0;0;0;0;0;1;0;0;0;0;0;1;0
well-formedlist;well-formedlist;well-formedlist;0;0;0;0;0;0;0;0;0;0;0;0;0;0;0;0;0;0;0;0;0;0
operating system;operating system;operating system;1;0;0;0;0;0;0;0;0;0;0;0;0;0;0;0;0;0;0;0;0;0
block statement;block statement;block statement;0;0;0;0;0;0;0;0;0;0;0;0;0;0;0;0;0;0;0;0;0;0
default;default;default;0;0;0;0;0;0;0;1;0;0;1;0;0;10;1;2;1;0;0;2;0;1
terminal program;terminal program;terminal program;0;0;0;0;0;0;0;0;0;0;0;0;0;0;0;0;0;0;0;0;0;0
fraction addition;fraction addition;fraction addition;0;0;0;0;0;0;0;0;0;0;0;0;0;0;0;0;0;0;0;0;0;1
tree node traversal;tree node traversal;tree node traversal;0;0;0;0;0;0;0;0;0;0;0;0;0;0;0;0;0;0;0;0;0;0
empty list;empty list;empty list;0;0;0;0;0;0;0;2;0;0;1;0;0;0;0;1;5;2;0;0;0;0
python setup;python setup;python setup;0;0;0;0;0;0;0;0;0;0;0;0;0;0;0;0;0;0;0;0;0;0
invalid roman;invalid roman;invalid roman;0;0;0;0;0;0;0;0;0;0;0;0;0;0;0;0;0;0;0;0;0;0
tag name;tag name;tag name;0;0;0;0;0;0;0;0;0;0;0;0;0;0;0;0;0;0;0;0;0;0
distribution;distribution;distribution;0;0;0;0;0;0;0;0;0;0;0;0;0;0;0;0;0;0;0;0;0;0
python documentation;python documentation;python documentation;0;0;0;0;0;0;0;0;0;1;0;0;0;0;0;0;0;0;0;0;0;0
puppet master;puppet master;puppet master;0;0;0;0;0;0;0;0;0;0;0;0;0;0;0;0;0;0;0;0;0;0
sparsematrix;sparsematrix;sparsematrix;0;0;0;0;0;0;0;0;0;0;0;0;0;0;0;0;0;0;0;0;0;0
last occurrence;last occurrence;last occurrence;0;0;0;0;0;0;0;0;0;0;0;0;0;0;0;0;0;0;0;0;0;0
list creation;list creation;list creation;0;0;0;0;0;0;0;0;0;0;0;0;0;0;0;0;0;0;0;0;0;0
values test;value test;values test;0;0;0;0;0;0;0;0;0;0;0;0;0;0;0;0;0;0;0;0;0;0
int;int;int;0;4;7;0;1;0;1;0;2;1;0;0;0;1;0;0;0;1;0;2;0;2
while loop;while loop;while loop;0;0;0;0;0;0;0;0;0;0;0;0;0;0;0;0;0;0;0;0;0;0
package;package;packages, package;0;0;0;0;0;0;0;0;0;0;0;0;0;0;0;0;0;0;0;0;0;0
returns true;return true;returns true;0;0;0;0;1;0;0;1;0;1;2;0;0;0;3;0;0;0;0;3;0;2
coding class;coding class;coding classes, coding class;0;0;0;0;0;0;0;0;0;0;0;0;0;0;0;0;0;0;0;0;0;0
unit testing;unit testing;unit testing;0;0;0;0;0;0;0;0;0;0;0;0;0;0;0;0;0;0;0;0;0;0
file;file;files, file;8;0;6;2;0;0;0;0;0;2;70;0;0;0;0;0;0;0;0;1;2;1
roman numeral;roman numeral;roman numerals, roman numeral;0;0;0;0;0;0;0;0;0;0;0;0;0;0;0;0;0;0;0;0;0;0
check;check;check;1;0;1;4;6;1;0;0;0;1;2;0;0;0;4;0;3;3;2;0;7;3
logical operator overloading;logical operator overloading;logical operator overloading;0;0;0;0;0;0;0;0;0;0;0;0;0;0;0;0;0;0;0;0;0;0
same character;same character;same characters, same character;0;1;0;0;0;0;0;0;0;0;0;0;0;0;0;0;0;0;0;0;0;0
encrypt;encrypt;encrypt;0;0;0;0;0;0;0;0;0;0;0;0;0;0;1;0;0;0;0;0;0;0
local file;local file;local file;0;0;0;0;0;0;0;0;0;0;0;0;0;0;0;0;0;0;0;0;0;0
function frame;function frame;function frame;0;0;0;1;0;0;0;0;0;1;0;0;0;0;0;0;0;0;0;0;0;0
module name;module name;module names, module name;0;0;1;0;0;0;0;0;0;0;0;0;0;0;0;0;0;0;0;0;0;0
application;application;applications, application;2;0;0;0;0;0;0;0;1;0;0;1;0;0;0;0;0;0;0;0;0;0
branch;branch;branch;0;0;0;15;6;0;0;0;0;0;1;0;0;0;0;0;0;0;0;1;0;0
test;test;tests, test;1;0;3;0;4;0;1;2;4;0;12;0;0;0;0;0;4;2;2;5;4;5
boolean expression tree;boolean expression tree;boolean expression tree;0;0;0;0;0;0;0;0;0;0;0;0;0;0;0;0;0;0;0;0;0;0
node;node;node;0;0;0;0;0;0;0;0;0;0;0;0;0;0;0;0;77;1;27;38;0;0
pattern object;pattern object;pattern object;0;0;0;0;0;0;0;0;0;0;0;0;0;0;0;0;0;0;0;0;0;0
while statement;while statement;while statement;0;0;0;0;0;0;0;0;0;0;0;0;0;0;0;0;0;0;0;0;0;0
python program;python program;python programs, python program;3;0;0;0;1;0;0;0;0;0;0;0;0;0;1;0;0;0;0;0;0;0
push;push;push;0;0;0;0;0;0;0;0;0;0;0;0;0;0;0;0;0;13;0;0;0;0
dictionary method;dictionary method;dictionary method;0;0;0;0;0;0;0;0;0;1;0;0;0;0;0;0;0;0;0;0;0;0
string formatting;string formatting;string formatting;0;0;0;0;0;0;0;0;0;0;0;0;0;0;0;0;0;0;0;0;0;0
variable;variable;variables, variable;0;32;22;2;10;24;7;15;10;1;2;11;0;2;5;2;10;0;0;1;8;0
response object;response object;response objects, response object;0;0;0;0;0;0;0;0;0;0;0;0;0;0;0;0;0;0;0;0;0;0
runtime error message;runtime error message;runtime error messages, runtime error message;0;0;0;0;0;0;0;0;0;0;0;0;0;0;0;0;0;0;0;0;1;0
traversal;traversal;traversal;0;0;0;0;0;0;4;2;1;0;0;0;0;0;0;1;0;0;1;5;0;0
structure;structure;structure;15;1;0;2;0;0;0;0;0;0;3;0;0;1;1;3;5;6;2;3;1;0
negative index;negative index;negative index;0;0;0;0;0;0;1;1;0;0;0;0;0;0;0;0;0;0;0;0;0;0
soundex;soundex;soundex;0;0;0;0;0;0;0;0;0;0;0;0;0;0;0;0;0;0;0;0;0;0
html entity;html entity;html entity;0;0;0;0;0;0;0;0;0;0;0;0;0;0;0;0;0;0;0;0;0;0
remote;remote;remote;0;0;0;0;0;0;0;0;0;0;0;0;0;0;0;0;0;0;0;0;0;0
algorithm;algorithm;algorithm;2;0;0;0;0;0;0;0;0;0;0;0;9;0;0;0;2;8;0;1;1;2
command line;command line;command line;2;2;0;0;0;0;0;0;0;0;0;0;0;0;0;0;0;0;0;0;0;0
rule;rule;rules, rule;3;5;3;0;0;0;0;0;0;0;0;1;1;2;0;0;0;0;2;2;1;0
overload;overload;overload;0;0;0;0;0;0;0;0;0;0;0;0;0;1;0;0;0;0;0;0;0;3
compile-time error message;compile-time error message;compile-time error messages, compile-time error message;0;0;0;0;0;0;0;0;0;0;0;0;0;0;0;0;0;0;0;0;0;0
break statement;break statement;break statement;0;0;0;0;0;0;0;0;0;0;1;0;0;0;0;0;0;0;0;0;0;0
directory;directory;directory;0;0;0;0;0;0;0;0;0;0;12;0;0;0;0;0;0;0;0;0;0;0
http;http;http;0;0;0;0;0;0;0;0;0;0;0;0;0;0;0;0;0;0;0;0;0;0
python standard library;python standard library;python standard library;0;0;0;0;0;0;0;0;0;0;0;0;0;0;0;0;0;0;0;0;0;0
top-level statement;top-level statement;top-level statements, top-level statement;0;0;0;0;0;0;0;0;0;0;0;0;0;0;0;0;0;0;0;0;0;0
built-in datatype;built-in datatype;built-in datatypes, built-in datatype;0;0;0;0;0;0;0;0;0;0;0;0;0;0;0;0;0;0;0;0;0;0
list membership;list membership;list membership;0;0;0;0;0;0;0;1;0;0;0;0;0;0;0;0;0;0;0;0;0;0
