"Term","Starting.Out","Types.and.Typeclasses","Syntax.in.Functions","Recursion","Higher.Order.Functions","Modules","Making.Our.Own.Types.and.Typeclasses","Input.and.Output","Functors..Applicative.Functors.and.Monoids","A.Fistful.of.Monads","For.a.Few.Monads.More","Zippers"
"accumulator"," "," "," "," ","36"," "," "," "," "," "," "," "
"applicative"," "," "," "," "," "," "," "," ","68","32"," "," "
"class"," ","10"," "," "," "," "," "," "," ","26"," "," "
"composition"," "," "," "," ","22"," "," "," "," "," "," "," "
"comprehension","23"," "," "," "," "," "," "," "," "," "," "," "
"condition"," "," "," ","18"," "," "," "," "," "," "," "," "
"constructor"," "," "," "," "," "," ","95"," ","48"," "," "," "
"expression"," ","17","22"," "," "," "," "," "," "," "," "," "
"file"," "," "," "," "," "," "," ","138"," "," "," ","48"
"fold"," "," "," "," ","45"," "," "," "," "," "," "," "
"functor"," "," "," "," "," "," "," "," ","98"," "," "," "
"guard"," "," ","24"," "," "," "," "," "," "," "," "," "
"I/O"," "," "," "," "," "," "," ","203"," "," "," "," "
"item"," "," "," "," "," "," "," "," "," "," "," ","25"
"key"," "," "," "," "," ","38"," "," "," "," "," "," "
"line"," "," "," "," "," "," "," ","98"," "," "," "," "
"list comprehension","12"," "," "," "," "," "," "," "," "," "," "," "
"map"," "," "," "," ","16","27"," "," "," "," "," "," "
"module"," "," "," "," "," ","69"," "," "," "," "," "," "
"monad"," "," "," "," "," "," "," "," "," ","55","87"," "
"monadic value"," "," "," "," "," "," "," "," "," ","41","47"," "
"newtype"," "," "," "," "," "," "," "," ","48"," "," "," "
"pattern match"," "," ","9"," "," "," "," "," "," "," "," "," "
"pattern matching"," "," ","19"," "," "," "," "," "," "," "," "," "
"predicate","11"," "," "," "," ","25"," "," "," "," "," "," "
"random"," "," "," "," "," "," "," ","58"," "," "," "," "
"recursion"," "," "," ","15"," "," "," "," "," "," "," "," "
"recursive"," "," "," ","10"," "," "," "," "," "," "," "," "
"stack"," "," "," "," "," "," "," "," "," "," ","47"," "
"stateful computation"," "," "," "," "," "," "," "," "," "," ","44"," "
"tail"," "," "," ","16"," "," "," "," "," "," "," "," "
"tree"," "," "," "," "," "," ","66"," "," "," "," ","149"
"typeclass"," ","14"," "," "," "," ","51"," "," "," "," "," "
"type declaration"," ","9"," "," "," "," "," "," "," "," "," "," "
"zipper"," "," "," "," "," "," "," "," "," "," "," ","28"
